compound_name	identifier	id_type	label	mapping_strategy	source	generation_date
"""Complan"" *"		unmapped		unmapped		2025-11-25
"""Lab-Lemco"" powder (Oxoid)"		unmapped		unmapped		2025-11-25
"""Ultramarine Synthetica"" sea salts*"		unmapped		unmapped		2025-11-25
"*  Alternatively  use  ""Ultramarine  Synthetica""**  sea  salts  33.6  g  and make  up  to  1"		unmapped		unmapped		2025-11-25
"*  Alternatively  use  ""Ultramarine Synthetica""** sea salts 33.6  g and make up to 1"		unmapped		unmapped		2025-11-25
"and steam	CHEBI:83629	CHEBI	tea tree oil	chebi_search	ols4_search	2025-11-25
"CHERRY AGAR (CBS formula)		unmapped		unmapped		2025-11-25
"CO2 gas mixture in		unmapped		unmapped		2025-11-25
"Complan" *		unmapped		unmapped		2025-11-25
"CORN MEAL AGAR		unmapped		unmapped		2025-11-25
"COW MANURE AGAR		unmapped		unmapped		2025-11-25
"FeCl3 x 6 H2O		unmapped		unmapped		2025-11-25
"G  Per  Litre  Bacteriological		unmapped		unmapped		2025-11-25
"Gaffron)		unmapped		unmapped		2025-11-25
"Glycerol	CHEBI:61421	CHEBI	O-alpha-D-glucosyl poly(glycerol phosphate) polymer	chebi_search	ols4_search	2025-11-25
"H20	CHEBI:52344	CHEBI	icosane-1,3-diol	chebi_search	ols4_search	2025-11-25
"H2O	CHEBI:29375	CHEBI	diprotium oxide	chebi_search	ols4_search	2025-11-25
"Inoculate with c. 20 ml of grains of ""ginger beer plant""."		unmapped		unmapped		2025-11-25
"ketoglutaric acid	CHEBI:30915	CHEBI	2-oxoglutaric acid	chebi_search	ols4_search	2025-11-25
"KH2PO4		unmapped		unmapped		2025-11-25
"Lab-Lemco" powder (Oxoid)		unmapped		unmapped		2025-11-25
"Liver digest (Oxoid L27)		unmapped		unmapped		2025-11-25
"Mineral salt sol. (""Hutner/Cohen-Bazire"")"		unmapped		unmapped		2025-11-25
"Ml	CHEBI:34828	CHEBI	ML-236C	chebi_search	ols4_search	2025-11-25
"Ml Of	CHEBI:39027	CHEBI	very-low-density lipoprotein	chebi_search	ols4_search	2025-11-25
"NaNO3		unmapped		unmapped		2025-11-25
"Or""Ultramarine"" Synthetica sea salts*"		unmapped		unmapped		2025-11-25
"Or""Ultramarine"" Synthetica sea salts**"		unmapped		unmapped		2025-11-25
"OXOID or MERCK) in distilled		unmapped		unmapped		2025-11-25
"RABBIT BLOOD AGAR		unmapped		unmapped		2025-11-25
"see below)		unmapped		unmapped		2025-11-25
"Sterile 1% ""Marmite"" solution (3)"		unmapped		unmapped		2025-11-25
"Trace element solution (2)		unmapped		unmapped		2025-11-25
"Trace element solution (6)		unmapped		unmapped		2025-11-25
"Trace element solution (7)		unmapped		unmapped		2025-11-25
"trace element solution (see below)		unmapped		unmapped		2025-11-25
"Ultramarine Synthetica" sea salts*		unmapped		unmapped		2025-11-25
(0.26 g/ 1000 ml 10 mM NaOH)		unmapped		unmapped		2025-11-25
(1)  50 g	CHEBI:69746	CHEBI	alpinumisoflavone	chebi_search	ols4_search	2025-11-25
(1)  Ca(NO3)2.4H2O	CHEBI:31341	CHEBI	calcium dihydroxide	chebi_normalized	chebi_nodes.tsv	2025-11-25
(1)  CaCl2.2H2O	CHEBI:3312	CHEBI	calcium dichloride	chebi_normalized	chebi_nodes.tsv	2025-11-25
(1)  f/2 Trace elements (x10 concentration):		unmapped		unmapped		2025-11-25
(1)  MgSO4.7H2O	CHEBI:31795	CHEBI	magnesium sulfate heptahydrate	chebi_normalized	chebi_nodes.tsv	2025-11-25
(1)  NaNO3		unmapped		unmapped		2025-11-25
(1)  NaNO3 (Use 3N-BBM+V stock 1)		unmapped		unmapped		2025-11-25
(1)  NaNO3 (Use f/2 stock 1)		unmapped		unmapped		2025-11-25
(1)  K2HPO4	CHEBI:131527	CHEBI	dipotassium hydrogen phosphate	chebi_normalized	chebi_nodes.tsv	2025-11-25
(1)  NaNO3		unmapped		unmapped		2025-11-25
(10)FeSO4.7H2O	CHEBI:75832	CHEBI	iron(2+) sulfate (anhydrous)	chebi_normalized	chebi_nodes.tsv	2025-11-25
(2)  3.0 g	CHEBI:136419	CHEBI	3'-end 2'-deoxyribonucleotide-3'-diphospho-5'-guanosine(3-) residue	chebi_search	ols4_search	2025-11-25
(2)  K2HPO4	CHEBI:131527	CHEBI	dipotassium hydrogen phosphate	chebi_normalized	chebi_nodes.tsv	2025-11-25
(2)  MgSO4.7H2O	CHEBI:31795	CHEBI	magnesium sulfate heptahydrate	chebi_normalized	chebi_nodes.tsv	2025-11-25
(2)  Na2HPO4.2H2O (Use MPringsheim stock 3)	CHEBI:34683	CHEBI	disodium hydrogenphosphate	chebi_normalized	chebi_nodes.tsv	2025-11-25
(2)  NaH2PO4.2H2O	CHEBI:37585	CHEBI	sodium dihydrogenphosphate	chebi_normalized	chebi_nodes.tsv	2025-11-25
(2)  NaH2PO4.2H2O (Use f/2 stock 2)	CHEBI:37585	CHEBI	sodium dihydrogenphosphate	chebi_normalized	chebi_nodes.tsv	2025-11-25
(2)  NH4Cl	CHEBI:31206	CHEBI	ammonium chloride	chebi_normalized	chebi_nodes.tsv	2025-11-25
(2)  Soil Extract (SE1) - see recipe overleaf		unmapped		unmapped		2025-11-25
(2)  Soil Extract 2 (See SE2 recipe)		unmapped		unmapped		2025-11-25
(2)  MgSO4.7H2O	CHEBI:31795	CHEBI	magnesium sulfate heptahydrate	chebi_normalized	chebi_nodes.tsv	2025-11-25
(3)  (NH4)2HPO4		unmapped		unmapped		2025-11-25
(3)  2.68 g  NH4Cl		unmapped		unmapped		2025-11-25
(3)  MgSO4.7H2O	CHEBI:31795	CHEBI	magnesium sulfate heptahydrate	chebi_normalized	chebi_nodes.tsv	2025-11-25
(3)  Na2 β-glycerophosphate		unmapped		unmapped		2025-11-25
(3)  Na2SeO3	CHEBI:131361	CHEBI	disodium selenite pentahydrate	chebi_normalized	chebi_nodes.tsv	2025-11-25
(3)  NaHCO3	CHEBI:32139	CHEBI	sodium hydrogencarbonate	chebi_normalized	chebi_nodes.tsv	2025-11-25
(3)  Soil Extract 1 (See SE1 Recipe)		unmapped		unmapped		2025-11-25
(3)  Trace elements (chelated)	CHEBI:27027	CHEBI	micronutrient	chebi_normalized	chebi_nodes.tsv	2025-11-25
(3)  Trace elements (x10 concentration):		unmapped		unmapped		2025-11-25
(3)  KNO3		unmapped		unmapped		2025-11-25
(3)  Soil Extract (SE1) ­ see recipe oveleaf		unmapped		unmapped		2025-11-25
(4)  20.0 g  NaNO3		unmapped		unmapped		2025-11-25
(4)  CaCl2.2H2O	CHEBI:3312	CHEBI	calcium dichloride	chebi_normalized	chebi_nodes.tsv	2025-11-25
(4)  H2SeO3	CHEBI:48843	CHEBI	disodium selenite	chebi_search	ols4_search	2025-11-25
(4)  K2HPO4.3H2O	CHEBI:131527	CHEBI	dipotassium hydrogen phosphate	chebi_normalized	chebi_nodes.tsv	2025-11-25
(4)  KNO3		unmapped		unmapped		2025-11-25
(4)  Trace elements:		unmapped		unmapped		2025-11-25
(4)  Vitamin mix		unmapped		unmapped		2025-11-25
(4)  Vitamin mix:		unmapped		unmapped		2025-11-25
(4) Vitamin mix:		unmapped		unmapped		2025-11-25
(4)  Rice starch suspension:		unmapped		unmapped		2025-11-25
(5)  CuSO4.5H2O	CHEBI:23414	CHEBI	copper(II) sulfate	chebi_normalized	chebi_nodes.tsv	2025-11-25
(5)  Hepes	CHEBI:42334	CHEBI	2-[4-(2-hydroxyethyl)piperazin-1-yl]ethanesulfonic acid	chebi_normalized	chebi_nodes.tsv	2025-11-25
(5)  NaNO3		unmapped		unmapped		2025-11-25
(5)  Sodium metasilicate	CHEBI:60720	CHEBI	sodium silicate	chebi_normalized	chebi_nodes.tsv	2025-11-25
(6)  Ammonium ferric citrate green		unmapped		unmapped		2025-11-25
(6)  Fe-EDTA:	CHEBI:30730	CHEBI	ethylenediaminetetraacetatoferrate(2-)	chebi_search	ols4_search	2025-11-25
(6)  Na2O3Si.5H2O		unmapped		unmapped		2025-11-25
(6)  Tris-base (7.2 pH)	CHEBI:9754	CHEBI	tris	chebi_normalized	chebi_nodes.tsv	2025-11-25
(7)  EDTANa2		unmapped		unmapped		2025-11-25
(7)  Trace elements: (x10 Concentrate)		unmapped		unmapped		2025-11-25
(8)  Na2CO3	CHEBI:29377	CHEBI	sodium carbonate	chebi_normalized	chebi_nodes.tsv	2025-11-25
(8)  H3BO3	CHEBI:33118	CHEBI	boric acid	chebi_normalized	chebi_nodes.tsv	2025-11-25
(Agar	CHEBI:85248	CHEBI	gellan gum	chebi_search	ols4_search	2025-11-25
(Agar, if necessary		unmapped		unmapped		2025-11-25
(Agar, if needed		unmapped		unmapped		2025-11-25
(autoclave for 10 minutes under N2)		unmapped		unmapped		2025-11-25
(autoclaved under CO2)		unmapped		unmapped		2025-11-25
(autoclaved under N2)		unmapped		unmapped		2025-11-25
(BBL 11768, Oxoid CM129 or Merck 5459)		unmapped		unmapped		2025-11-25
(For marine or estuarine isolates add 100.0 g NaCl to this solution and increase the		unmapped		unmapped		2025-11-25
(natural or artificial)	CHEBI:26155	CHEBI	plant growth regulator	chebi_search	ols4_search	2025-11-25
(NH4) acetate or Na-pyruvate		unmapped		unmapped		2025-11-25
(NH4) citrate	CHEBI:132362	CHEBI	citrate(4-)	chebi_normalized	chebi_nodes.tsv	2025-11-25
(NH4)-acetate	CHEBI:142689	CHEBI	N-hexanoyl-(2S)-hydroxyglycinate	chebi_normalized	chebi_nodes.tsv	2025-11-25
(NH4)2 citrate	CHEBI:63076	CHEBI	diammonium citrate	chebi_search	ols4_search	2025-11-25
(NH4)2 HPO4		unmapped		unmapped		2025-11-25
(NH4)2 SO4	CHEBI:86149	CHEBI	ammonium nickel sulfate hexahydrate	chebi_search	ols4_search	2025-11-25
(NH4)2Fe(SO4)2 x 6 H2O		unmapped		unmapped		2025-11-25
(NH4)2Fe(SO4)2·6H2O		unmapped		unmapped		2025-11-25
(NH4)2HPO4	CHEBI:63051	CHEBI	diammonium hydrogen phosphate	pubchem_xref	pubchem_cid:24540	2025-11-25
(NH4)2MoO4	CHEBI:91249	CHEBI	ammonium molybdate	chebi_exact	chebi_nodes.tsv	2025-11-25
(NH4)2Ni(SO4)2	CHEBI:86149	CHEBI	ammonium nickel sulfate hexahydrate	chebi_normalized	chebi_nodes.tsv	2025-11-25
(NH4)2Ni(SO4)2 (0.1% w/v)	CHEBI:86149	CHEBI	ammonium nickel sulfate hexahydrate	chebi_normalized	chebi_nodes.tsv	2025-11-25
(NH4)2Ni(SO4)2 x 6 H2O (0.1% w/v)	CHEBI:86149	CHEBI	ammonium nickel sulfate hexahydrate	chebi_normalized	chebi_nodes.tsv	2025-11-25
(NH4)2Ni(SO4)2·6H2O	CHEBI:86149	CHEBI	ammonium nickel sulfate hexahydrate	chebi_normalized	chebi_nodes.tsv	2025-11-25
(NH4)2Ni(SO4)2•6H2O	CHEBI:86149	CHEBI	ammonium nickel sulfate hexahydrate	chebi_normalized	chebi_nodes.tsv	2025-11-25
(NH4)2S4		unmapped		unmapped		2025-11-25
(NH4)2SO4	CHEBI:62946	CHEBI	ammonium sulfate	chebi_exact	chebi_nodes.tsv	2025-11-25
(NH4)2SO4 (don’t include in dry mix)	CHEBI:62946	CHEBI	ammonium sulfate	chebi_normalized	chebi_nodes.tsv	2025-11-25
(NH4)2SO4 (sublimed)	CHEBI:62946	CHEBI	ammonium sulfate	chebi_normalized	chebi_nodes.tsv	2025-11-25
(NH4)2SO4*FeSO4*6H2O,		unmapped		unmapped		2025-11-25
(NH4)2SO4FeSO4 x 6 H2O		unmapped		unmapped		2025-11-25
(NH4)3 citrate	CHEBI:63076	CHEBI	diammonium citrate	chebi_search	ols4_search	2025-11-25
(NH4)6Mo7O24		unmapped		unmapped		2025-11-25
(NH4)6Mo7O24 x 4 H2O		unmapped		unmapped		2025-11-25
(NH4)6Mo7O24·4H2O		unmapped		unmapped		2025-11-25
(NH4)6Mo7O4 x 24 H2O		unmapped		unmapped		2025-11-25
(NH4)6Mo7O7·4H2O		unmapped		unmapped		2025-11-25
(NH4)6MoO24·4H2O		unmapped		unmapped		2025-11-25
(NH4)6MoO7O24 x 4 H2O		unmapped		unmapped		2025-11-25
(NH4)Cl	CHEBI:104586	CHEBI	tetrahexadecanoyl cardiolipin	chebi_normalized	chebi_nodes.tsv	2025-11-25
(NH4)H2PO4	CHEBI:39745	CHEBI	dihydrogenphosphate	chebi_normalized	chebi_nodes.tsv	2025-11-25
(NH4)HCO3	CHEBI:17544	CHEBI	hydrogencarbonate	chebi_normalized	chebi_nodes.tsv	2025-11-25
(NH4)Mo7O24·4H2O		unmapped		unmapped		2025-11-25
(NH4)MoO7O24 x 4 H2O		unmapped		unmapped		2025-11-25
(NH4)NO3	CHEBI:17632	CHEBI	nitrate	chebi_normalized	chebi_nodes.tsv	2025-11-25
(NH4)NO3 (0.1% w/v)	CHEBI:17632	CHEBI	nitrate	chebi_normalized	chebi_nodes.tsv	2025-11-25
(or Casitone from Difco)		unmapped		unmapped		2025-11-25
(Vit. B12)		unmapped		unmapped		2025-11-25
*  Alternatively  use  "Ultramarine  Synthetica"**  sea  salts  33.6  g  and make  up  to  1		unmapped		unmapped		2025-11-25
* (composition of Oxoid nutrient broth):		unmapped		unmapped		2025-11-25
**  Waterlife  Research  Industries  Ltd,  476  Bath  Road,  Longford,  West  Drayton,		unmapped		unmapped		2025-11-25
**Waterlife Research Industries Ltd, 476 Bath Road, Longford, West Drayton, Middlesex UB7		unmapped		unmapped		2025-11-25
**  Waterlife  Research  Industries  Ltd,  476  Bath  Road,  Longford,  West  Drayton,		unmapped		unmapped		2025-11-25
*Alternatively, use deionised water to 1 litre and 33.6 g “Ultramarine Synthetica” sea salts.**		unmapped		unmapped		2025-11-25
*Fresh egg mixture (yolk and whites)		unmapped		unmapped		2025-11-25
*Unipath Ltd, Wade Road, Basingstoke, Hants, RG24 0PW, UK		unmapped		unmapped		2025-11-25
*Waterlife  Research  Industries  Ltd,  476  Bath  Road,  Longford,  West  Drayton,  Middlesex  UB7		unmapped		unmapped		2025-11-25
*  Alternatively  use  "Ultramarine Synthetica"** sea salts 33.6  g and make up to 1		unmapped		unmapped		2025-11-25
*  At  the  CCAP,  SE1  is  used  for  marine  algae,  SE2  for  freshwater  and  terrestrial		unmapped		unmapped		2025-11-25
* Unipath Ltd, Wade Road, Basingstoke, Hants, RG24 0PW, UK		unmapped		unmapped		2025-11-25
. 7H2O	CHEBI:75836	CHEBI	iron(2+) sulfate heptahydrate	chebi_search	ols4_search	2025-11-25
.K2HPO4 x 3 H2O		unmapped		unmapped		2025-11-25
.KNO3		unmapped		unmapped		2025-11-25
.MgSO4 x 7 H2O		unmapped		unmapped		2025-11-25
0.001% Coenzyme M solution		unmapped		unmapped		2025-11-25
0.01 M FeSO4·5H2Osolution (in 0.02 N HCl)		unmapped		unmapped		2025-11-25
0.01 M FeSO4·5H2Osolution (in 0.02 N HCl) (optional)		unmapped		unmapped		2025-11-25
0.01 M H2SO4	CHEBI:26836	CHEBI	sulfuric acid	chebi_normalized	chebi_nodes.tsv	2025-11-25
0.01 M Iron(III) citrate solution		unmapped		unmapped		2025-11-25
0.01% Coenzyme M solution		unmapped		unmapped		2025-11-25
0.025 M Crotonic acid solution (pH 7.0)		unmapped		unmapped		2025-11-25
0.05 g/100 ml stock solution		unmapped		unmapped		2025-11-25
0.05 M PIPES (pH 7.0) solution		unmapped		unmapped		2025-11-25
0.05% Resazurin solution		unmapped		unmapped		2025-11-25
0.07% Hemin solution		unmapped		unmapped		2025-11-25
0.09 M KNO3solution		unmapped		unmapped		2025-11-25
0.1 M Dithiothreitol solution		unmapped		unmapped		2025-11-25
0.1 M Dithiothreitol solution*		unmapped		unmapped		2025-11-25
0.1 M Dithiothreitol solutuion*		unmapped		unmapped		2025-11-25
0.1 M K2S4O6solution		unmapped		unmapped		2025-11-25
0.1 M KH2PO4solution		unmapped		unmapped		2025-11-25
0.1 M L-Cysteine·HCl·H2O		unmapped		unmapped		2025-11-25
0.1 M MgSO4solution		unmapped		unmapped		2025-11-25
0.1 M Phenol solution* (freshly prepared)		unmapped		unmapped		2025-11-25
0.1 M Potassium phosphate buffer, pH 7.5		unmapped		unmapped		2025-11-25
0.1 M Sodium sulfite solution		unmapped		unmapped		2025-11-25
0.1 M Tris-HCl buffer (pH 7.5)		unmapped		unmapped		2025-11-25
0.1 ml solution E,		unmapped		unmapped		2025-11-25
0.1 N H2SO4		unmapped		unmapped		2025-11-25
0.1 N H2SO4solution		unmapped		unmapped		2025-11-25
0.1 N NaOH		unmapped		unmapped		2025-11-25
0.1% (w/v) resazurin-Na		unmapped		unmapped		2025-11-25
0.1% (w/v) Sodium resazurin solution		unmapped		unmapped		2025-11-25
0.1% Fe(NH4) citrate solution		unmapped		unmapped		2025-11-25
0.1% FeSO4·7H2O solution (in 0.1 N H2SO4)		unmapped		unmapped		2025-11-25
0.1% Na2SeO3solution		unmapped		unmapped		2025-11-25
0.1% Na2SeO4solution		unmapped		unmapped		2025-11-25
0.1% Resazurin solution		unmapped		unmapped		2025-11-25
0.1% Sodium dithionite solution		unmapped		unmapped		2025-11-25
0.17 mM FeCl3 x 6 H2O		unmapped		unmapped		2025-11-25
0.1M Tris/HCl at pH 7.5		unmapped		unmapped		2025-11-25
0.2 g/l stock solution		unmapped		unmapped		2025-11-25
0.2 M CeCl3solution*		unmapped		unmapped		2025-11-25
0.2 M Cellobiose solution		unmapped		unmapped		2025-11-25
0.2 M FeCl2solution (freshly prepared)		unmapped		unmapped		2025-11-25
0.2 M KH2PO4solution		unmapped		unmapped		2025-11-25
0.2 M Na2HPO4solution		unmapped		unmapped		2025-11-25
0.2 M Sodium acetate solution		unmapped		unmapped		2025-11-25
0.2 M Sodium thiosulfate solution		unmapped		unmapped		2025-11-25
0.2 N NaOH		unmapped		unmapped		2025-11-25
0.2% Fe(NH4)2(SO4)2·6H2O (in 0.037% HCl)		unmapped		unmapped		2025-11-25
0.2% Fe(NH4)2(SO4)·6H2O (in 0.037% HCl)	CHEBI:31594	CHEBI	Fe(CN)2	chebi_normalized	chebi_nodes.tsv	2025-11-25
0.2% FeSO4·6H2O solution		unmapped		unmapped		2025-11-25
0.2% Hemin solution		unmapped		unmapped		2025-11-25
0.2% Thiamine pyrophosphate	CHEBI:18290	CHEBI	thiamine(1+) diphosphate chloride	chebi_normalized	chebi_nodes.tsv	2025-11-25
0.25 M EDTA·2Na solution (pH 8.0)		unmapped		unmapped		2025-11-25
0.25 M Ferric citrate solution (pH 7.0)		unmapped		unmapped		2025-11-25
0.25 M Lactose solution		unmapped		unmapped		2025-11-25
0.25 M Potassium phosphate buffer (pH 7.0)		unmapped		unmapped		2025-11-25
0.27 g/100 ml stock solution		unmapped		unmapped		2025-11-25
0.4 g/100 ml stock solution		unmapped		unmapped		2025-11-25
0.4 M NH4HCO3solution		unmapped		unmapped		2025-11-25
0.5 M Coenzyme M solution		unmapped		unmapped		2025-11-25
0.5 M Crotonic acid (pH 7.0)	CHEBI:17217	CHEBI	2-butenoic acid	chebi_normalized	chebi_nodes.tsv	2025-11-25
0.5 M Glycine-NaOH buffer (pH 10.0)		unmapped		unmapped		2025-11-25
0.5 M HOMOPIPES solution* (pH 5.4)		unmapped		unmapped		2025-11-25
0.5 M L-Rhamnose solution*		unmapped		unmapped		2025-11-25
0.5 M Maltose solution		unmapped		unmapped		2025-11-25
0.5 M MES solution (pH 5.7)		unmapped		unmapped		2025-11-25
0.5 M Na2HPO4-NaH2PO4buffer (pH 7.3)		unmapped		unmapped		2025-11-25
0.5 M Na2S·9H2O solution		unmapped		unmapped		2025-11-25
0.5 M Nitrilotriacetic acid, disodium salt		unmapped		unmapped		2025-11-25
0.5 M Potassium phosphate buffer (pH 7.0)		unmapped		unmapped		2025-11-25
0.5 M Sodium acetate solution		unmapped		unmapped		2025-11-25
0.5 M Sodium L-lactate solution		unmapped		unmapped		2025-11-25
0.5 M Sodium succinate solution		unmapped		unmapped		2025-11-25
0.5 M Taurine solution		unmapped		unmapped		2025-11-25
0.5 M Tris-HCl solution (pH 8.0)		unmapped		unmapped		2025-11-25
0.5 mg		unmapped		unmapped		2025-11-25
0.5 ml solution F,		unmapped		unmapped		2025-11-25
0.5 x Artificial seawater (see below)		unmapped		unmapped		2025-11-25
0.5 x Artificial seawater (see Medium No.651)		unmapped		unmapped		2025-11-25
0.5% MgSO4·7H2O solution		unmapped		unmapped		2025-11-25
0.5g L-1 dH2O		unmapped		unmapped		2025-11-25
0.6 g/100 ml stock solution		unmapped		unmapped		2025-11-25
0.6% Ammonium ferric citrate solution		unmapped		unmapped		2025-11-25
0ED, UK. Tel (01753) 685696 Fax (01753) 685437 aquatics@waterlife.co.uk		unmapped		unmapped		2025-11-25
1 g/100 ml stock solution		unmapped		unmapped		2025-11-25
1 litre or less for 15 minutes) and are then kept in a cool place (e.g. a refrigerator)		unmapped		unmapped		2025-11-25
1 M CaCl2solution		unmapped		unmapped		2025-11-25
1 M CaCl2·2H2O solution		unmapped		unmapped		2025-11-25
1 M Disodium fumarate solution		unmapped		unmapped		2025-11-25
1 M FeSO4solution (pH 2.0)		unmapped		unmapped		2025-11-25
1 M FeSO4solution* (pH 2.0)		unmapped		unmapped		2025-11-25
1 M Fructose solution		unmapped		unmapped		2025-11-25
1 M Fructose solution*		unmapped		unmapped		2025-11-25
1 M Glucose	CHEBI:17234	CHEBI	glucose	chebi_normalized	chebi_nodes.tsv	2025-11-25
1 M Glucose solution		unmapped		unmapped		2025-11-25
1 M Glucose solution*		unmapped		unmapped		2025-11-25
1 M Glycerin solution		unmapped		unmapped		2025-11-25
1 M Glycerin solution*		unmapped		unmapped		2025-11-25
1 M HEPES solution (pH 7.0)		unmapped		unmapped		2025-11-25
1 M K2HPO4	CHEBI:131527	CHEBI	dipotassium hydrogen phosphate	chebi_normalized	chebi_nodes.tsv	2025-11-25
1 M K2HPO4solution		unmapped		unmapped		2025-11-25
1 M KH2PO4		unmapped		unmapped		2025-11-25
1 M KNO3solution		unmapped		unmapped		2025-11-25
1 M L-Sodium lactate solution		unmapped		unmapped		2025-11-25
1 M Maltose solution		unmapped		unmapped		2025-11-25
1 M Mannitol solution*		unmapped		unmapped		2025-11-25
1 M MgCl2solution		unmapped		unmapped		2025-11-25
1 M MgCl2·6H2O solution		unmapped		unmapped		2025-11-25
1 M MgSO4solution		unmapped		unmapped		2025-11-25
1 M Na2CO3solution		unmapped		unmapped		2025-11-25
1 M Na2HPO4-KH2PO4buffer (pH 6.8)		unmapped		unmapped		2025-11-25
1 M Na2S2O3solution		unmapped		unmapped		2025-11-25
1 M NaHCO3solution*		unmapped		unmapped		2025-11-25
1 M NaNO3solution		unmapped		unmapped		2025-11-25
1 M NH4Cl	CHEBI:31206	CHEBI	ammonium chloride	chebi_normalized	chebi_nodes.tsv	2025-11-25
1 M NH4Cl solution		unmapped		unmapped		2025-11-25
1 M NH4Cl solution*		unmapped		unmapped		2025-11-25
1 M Phosphate buffer (pH 7.2, see below)		unmapped		unmapped		2025-11-25
1 M Phosphate buffer (see Medium No.556)		unmapped		unmapped		2025-11-25
1 M Sodium acetate	CHEBI:140411	CHEBI	sodium 2-iodohippurate	chebi_normalized	chebi_nodes.tsv	2025-11-25
1 M Sodium acetate solution		unmapped		unmapped		2025-11-25
1 M Sodium butyrate	CHEBI:64103	CHEBI	sodium butyrate	chebi_normalized	chebi_nodes.tsv	2025-11-25
1 M Sodium fumarate solution		unmapped		unmapped		2025-11-25
1 M Sodium lactate	CHEBI:75228	CHEBI	sodium lactate	chebi_normalized	chebi_nodes.tsv	2025-11-25
1 M Sodium lactate solution		unmapped		unmapped		2025-11-25
1 M Sodium octanoate solution		unmapped		unmapped		2025-11-25
1 M Sodium propionate solution		unmapped		unmapped		2025-11-25
1 M Sodium pyruvate solution		unmapped		unmapped		2025-11-25
1 M Sodium pyruvate solution*		unmapped		unmapped		2025-11-25
1 M Sodium pyruvate*		unmapped		unmapped		2025-11-25
1 M Trimethylamine solution		unmapped		unmapped		2025-11-25
1 M Trimethylamine·HCl solution		unmapped		unmapped		2025-11-25
1 M Tris base (pH 8)	CHEBI:9754	CHEBI	tris	chebi_normalized	chebi_nodes.tsv	2025-11-25
1 ml of solution G (2,5% Ammonium-acetate and Magnesium-acetate) to each 100ml		unmapped		unmapped		2025-11-25
1 mM (final concentration)		unmapped		unmapped		2025-11-25
1 mM CuSO4solution		unmapped		unmapped		2025-11-25
1 N HCl	CHEBI:74758	CHEBI	aclacinomycin T hydrochloride	chebi_search	ols4_search	2025-11-25
1 N NaOH	CHEBI:53448	CHEBI	methyl cellulose	chebi_search	ols4_search	2025-11-25
1 – 2g/l (from 5% solution)		unmapped		unmapped		2025-11-25
1% CaCl2·2H2O solution		unmapped		unmapped		2025-11-25
1% FeSO4·6H2O solution (in 0.02 N H2SO4)		unmapped		unmapped		2025-11-25
1% KH2PO4solution		unmapped		unmapped		2025-11-25
1% NH4Cl solution		unmapped		unmapped		2025-11-25
1% Phenol red solution (see below)		unmapped		unmapped		2025-11-25
1% Resazurin solution		unmapped		unmapped		2025-11-25
1% Sodium ascorbate solution (filter-sterilized)		unmapped		unmapped		2025-11-25
1% Sodium dithionite solution* (freshly prepared)		unmapped		unmapped		2025-11-25
1% Urea - 4% yeast extract solution (see below)		unmapped		unmapped		2025-11-25
1% Yeast extract solution		unmapped		unmapped		2025-11-25
1,4-Naphthoquinone	CHEBI:27418	CHEBI	1,4-naphthoquinone	chebi_exact	chebi_nodes.tsv	2025-11-25
1. Make up to 1000 ml with MilliQ water.		unmapped		unmapped		2025-11-25
1.0 M Betaine solution		unmapped		unmapped		2025-11-25
1.0 M FeSO4solution (pH 2.0)		unmapped		unmapped		2025-11-25
1.0 M Fructose solution		unmapped		unmapped		2025-11-25
1.0 M Glucose solution		unmapped		unmapped		2025-11-25
1.0 M Glucose solution*		unmapped		unmapped		2025-11-25
1.0 M KH2PO4solution		unmapped		unmapped		2025-11-25
1.0 M KNO3solution		unmapped		unmapped		2025-11-25
1.0 M MES solution* (pH 7.45)		unmapped		unmapped		2025-11-25
1.0 M NaHCO3solution*		unmapped		unmapped		2025-11-25
1.0 M NaNO3solution		unmapped		unmapped		2025-11-25
1.0 M Phosphate buffer (see below)		unmapped		unmapped		2025-11-25
1.0 M Sodium acetate solution		unmapped		unmapped		2025-11-25
1.0 M sodium butyrate solution		unmapped		unmapped		2025-11-25
1.0 M Sodium fumarate solution		unmapped		unmapped		2025-11-25
1.0 M Sodium lactate solution		unmapped		unmapped		2025-11-25
1.0 M Sodium lactate solution*		unmapped		unmapped		2025-11-25
1.0 M Sodium propionate solution*		unmapped		unmapped		2025-11-25
1.0 M Sodium thiosulfate solution		unmapped		unmapped		2025-11-25
1.0 mg/ml EDTA·Fe(III) solution		unmapped		unmapped		2025-11-25
1.0 ml solution B,		unmapped		unmapped		2025-11-25
1.0 ml solution D,		unmapped		unmapped		2025-11-25
1.0 ml solution G and		unmapped		unmapped		2025-11-25
1.0 ml solution H.		unmapped		unmapped		2025-11-25
1.0 Yeast extract solution (autoclaved)		unmapped		unmapped		2025-11-25
1.0% Yeast extract solution		unmapped		unmapped		2025-11-25
1.0% Yeast extract solution (autoclaved)		unmapped		unmapped		2025-11-25
1.2 g/l stock solution		unmapped		unmapped		2025-11-25
1.25 g/100 ml stock solution		unmapped		unmapped		2025-11-25
1.25% FeSO4solution		unmapped		unmapped		2025-11-25
1.4% Coenzyme M solution		unmapped		unmapped		2025-11-25
1.4% Coenzyme M solution*		unmapped		unmapped		2025-11-25
1.42% Coenzyme M solution		unmapped		unmapped		2025-11-25
1.88 M CaCl2·2H2O solution		unmapped		unmapped		2025-11-25
10 % Yeast extract solution		unmapped		unmapped		2025-11-25
10 mg	CHEBI:30617	CHEBI	MgATP(2-)	chebi_search	ols4_search	2025-11-25
10 mg/l	CHEBI:9254	CHEBI	magnesium distearate	chebi_search	ols4_search	2025-11-25
10 mM CeCl3solution		unmapped		unmapped		2025-11-25
10 mM CuCl2solution		unmapped		unmapped		2025-11-25
10 mM Fe quinate solution* (see below)		unmapped		unmapped		2025-11-25
10 mM FeSO4solution (pH 2.0)		unmapped		unmapped		2025-11-25
10 mM NaOH solution		unmapped		unmapped		2025-11-25
10 mM Potassium phosphate buffer (pH 7.2)		unmapped		unmapped		2025-11-25
10 mM Sodium acetate		unmapped		unmapped		2025-11-25
10 N H2SO4		unmapped		unmapped		2025-11-25
10 N NaOH	CHEBI:53448	CHEBI	methyl cellulose	chebi_search	ols4_search	2025-11-25
10 x CMD stock solution (see below)		unmapped		unmapped		2025-11-25
10 x Korthof's basal medium (see below)		unmapped		unmapped		2025-11-25
10% (w/v) Colloidal chitin solution		unmapped		unmapped		2025-11-25
10% (w/v) Glucose solution		unmapped		unmapped		2025-11-25
10% (w/v) Maltose solution		unmapped		unmapped		2025-11-25
10% (w/v) Na2CO3solution		unmapped		unmapped		2025-11-25
10% (w/v) NaHCO3solution*		unmapped		unmapped		2025-11-25
10% (w/v) Peptone solution		unmapped		unmapped		2025-11-25
10% (w/v) Trypticase peptone (BD-BBL) solution		unmapped		unmapped		2025-11-25
10% (w/v) Xylose solution		unmapped		unmapped		2025-11-25
10% (w/v) Yeast extract (BD-Difco) solution		unmapped		unmapped		2025-11-25
10% (w/v) Yeast extract solution		unmapped		unmapped		2025-11-25
10% CaCl2·2H2O solution		unmapped		unmapped		2025-11-25
10% Casamino acids solution		unmapped		unmapped		2025-11-25
10% Casamino acids solution*		unmapped		unmapped		2025-11-25
10% Cellobiose solution		unmapped		unmapped		2025-11-25
10% Cellobiose solution*		unmapped		unmapped		2025-11-25
10% Cysteine	CHEBI:15356	CHEBI	cysteine	chebi_normalized	chebi_nodes.tsv	2025-11-25
10% Fe2(SO4)3solution (in 0.01 N H2SO4solution)		unmapped		unmapped		2025-11-25
10% FeSO4·7H2O solution		unmapped		unmapped		2025-11-25
10% Fructose solution		unmapped		unmapped		2025-11-25
10% Glucose solution		unmapped		unmapped		2025-11-25
10% KH2PO4solution		unmapped		unmapped		2025-11-25
10% KNO3solution		unmapped		unmapped		2025-11-25
10% L-Sodium lactate solution		unmapped		unmapped		2025-11-25
10% MgCl2·6H2O solution		unmapped		unmapped		2025-11-25
10% MgSO4·7H2O	CHEBI:31795	CHEBI	magnesium sulfate heptahydrate	chebi_normalized	chebi_nodes.tsv	2025-11-25
10% Na2CO3solution		unmapped		unmapped		2025-11-25
10% Na2S2O3solution		unmapped		unmapped		2025-11-25
10% Na2S2O3·5H2O solution		unmapped		unmapped		2025-11-25
10% Na2S2O3·5H2O solution*		unmapped		unmapped		2025-11-25
10% NH4Cl solution		unmapped		unmapped		2025-11-25
10% Peptone solution		unmapped		unmapped		2025-11-25
10% Soluble starch solution*		unmapped		unmapped		2025-11-25
10% Toray silicone SH 5535 solution		unmapped		unmapped		2025-11-25
10% Trypticase peptone solution		unmapped		unmapped		2025-11-25
10% Tryptone solution		unmapped		unmapped		2025-11-25
10% Tryptone solution (autoclaved)		unmapped		unmapped		2025-11-25
10% Yeast extract (BD-Difco)solution		unmapped		unmapped		2025-11-25
10% Yeast extract solution		unmapped		unmapped		2025-11-25
10% Yeast extract solution*		unmapped		unmapped		2025-11-25
10%N-Acetyl-D-glucosamine solution*		unmapped		unmapped		2025-11-25
10.00  mg		unmapped		unmapped		2025-11-25
100 mg/l		unmapped		unmapped		2025-11-25
100 mM FeCl2solution		unmapped		unmapped		2025-11-25
100 mM Na2HPO4solution		unmapped		unmapped		2025-11-25
100 mM NH4Cl solution		unmapped		unmapped		2025-11-25
100 mM Potassium tetrathionate solution		unmapped		unmapped		2025-11-25
100 x Vitamin mixture (see below)		unmapped		unmapped		2025-11-25
100.0  mg		unmapped		unmapped		2025-11-25
100.00  mg		unmapped		unmapped		2025-11-25
100mg		unmapped		unmapped		2025-11-25
100mM Phosphate buffer pH 5.8		unmapped		unmapped		2025-11-25
100mM Phosphate buffer:		unmapped		unmapped		2025-11-25
100x Vitamin solution		unmapped		unmapped		2025-11-25
100x Vitamin solution (see below)		unmapped		unmapped		2025-11-25
10ml dH2O		unmapped		unmapped		2025-11-25
12.5% Na2S2O3·5H2O solution*		unmapped		unmapped		2025-11-25
130 mM FeCl2solution		unmapped		unmapped		2025-11-25
144   mg	CHEBI:131389	CHEBI	magnesium citrate	chebi_search	ols4_search	2025-11-25
15% MgCl2·6H2O solution		unmapped		unmapped		2025-11-25
15% MgCl2·6H2O solution*		unmapped		unmapped		2025-11-25
15% MgSO4·7H2O solution		unmapped		unmapped		2025-11-25
15% Sodium formate solution		unmapped		unmapped		2025-11-25
15% TiCl3 solution		unmapped		unmapped		2025-11-25
16% Sodium fumarate solution*		unmapped		unmapped		2025-11-25
166   mg		unmapped		unmapped		2025-11-25
190.0  mg		unmapped		unmapped		2025-11-25
1M MgCl2		unmapped		unmapped		2025-11-25
1M Na-acetate		unmapped		unmapped		2025-11-25
1M Sodium thiosulfate solution		unmapped		unmapped		2025-11-25
1M Tris-HCl (pH 7.5)		unmapped		unmapped		2025-11-25
1N NaOH or 1N HCl. Autoclave at 15 psi.		unmapped		unmapped		2025-11-25
1N NaOH or 1N HCl. Autoclave at 15 psi.		unmapped		unmapped		2025-11-25
1 litre or less for 15 minutes) and are then kept in a cool place (e.g. a refrigerator)		unmapped		unmapped		2025-11-25
2 M HEPES buffer (pH 7.0)		unmapped		unmapped		2025-11-25
2 M KSCN solution		unmapped		unmapped		2025-11-25
2 M Na2S2O3solution		unmapped		unmapped		2025-11-25
2 M NaHCO3solution		unmapped		unmapped		2025-11-25
2 M NH4Cl solution		unmapped		unmapped		2025-11-25
2 M Sodium pyruvate solution*		unmapped		unmapped		2025-11-25
2 mg	CHEBI:18420	CHEBI	magnesium(2+)	chebi_search	ols4_search	2025-11-25
2 N NaOH solution		unmapped		unmapped		2025-11-25
2% FeCl3·6H2O solution		unmapped		unmapped		2025-11-25
2% FeSO4 x 7 H2O	CHEBI:75832	CHEBI	iron(2+) sulfate (anhydrous)	chebi_normalized	chebi_nodes.tsv	2025-11-25
2% KH2PO4solution		unmapped		unmapped		2025-11-25
2% MgCl2·6H2O solution		unmapped		unmapped		2025-11-25
2% Na2S·9H2O solution		unmapped		unmapped		2025-11-25
2% Sodium pyruvate solution*		unmapped		unmapped		2025-11-25
2% Yeast extract solution		unmapped		unmapped		2025-11-25
2% Yeastolate (BD)		unmapped		unmapped		2025-11-25
2-Methyl-butyric acid	CHEBI:37070	CHEBI	2-methylbutyric acid	pubchem_xref	pubchem_cid:8314	2025-11-25
2-Methylbutyric acid	CHEBI:37070	CHEBI	2-methylbutyric acid	chebi_exact	chebi_nodes.tsv	2025-11-25
2-Oxoglutarate	CHEBI:16810	CHEBI	2-oxoglutarate(2-)	chebi_exact	chebi_nodes.tsv	2025-11-25
2. FeSO4 x 7H2O		unmapped		unmapped		2025-11-25
2.0  mg	CHEBI:176599	CHEBI	magnesium-25(2+)	chebi_search	ols4_search	2025-11-25
2.0 M NH4HCO3solution		unmapped		unmapped		2025-11-25
2.05 x 10-9		unmapped		unmapped		2025-11-25
2.2% Sodium butyrate solution		unmapped		unmapped		2025-11-25
2.5 ml solution C,		unmapped		unmapped		2025-11-25
2.5% Glucose solution		unmapped		unmapped		2025-11-25
2.5% L-Cysteine·HCl·H2O solution		unmapped		unmapped		2025-11-25
2.96 x 10-7		unmapped		unmapped		2025-11-25
20 mg/l	CHEBI:9254	CHEBI	magnesium distearate	chebi_search	ols4_search	2025-11-25
20 mM (NH4)2HPO4		unmapped		unmapped		2025-11-25
20 mM (NH4)2HPO4:		unmapped		unmapped		2025-11-25
20 mM MgSO4 x 7 H2O		unmapped		unmapped		2025-11-25
20 mM MgSO4 x 7 H2O:		unmapped		unmapped		2025-11-25
20 mM NaOH solution		unmapped		unmapped		2025-11-25
20 mM Potassium phosphate buffer (pH 7.8)		unmapped		unmapped		2025-11-25
20 mM Sodium acetate		unmapped		unmapped		2025-11-25
20 x Phosphate solution (see below)		unmapped		unmapped		2025-11-25
20% (w/v) Glucose	CHEBI:17234	CHEBI	glucose	chebi_normalized	chebi_nodes.tsv	2025-11-25
20% (w/v) Glucose solution		unmapped		unmapped		2025-11-25
20% (w/v) Glycerin solution		unmapped		unmapped		2025-11-25
20% (w/v) MES (pH 6.0) solution		unmapped		unmapped		2025-11-25
20% (w/v) sucrose solution		unmapped		unmapped		2025-11-25
20% Bovine serum albumin, fraction V		unmapped		unmapped		2025-11-25
20% Glucose	CHEBI:17234	CHEBI	glucose	chebi_normalized	chebi_nodes.tsv	2025-11-25
20% MES (pH 5.5) solution		unmapped		unmapped		2025-11-25
20% MgCl2·6H2O solution		unmapped		unmapped		2025-11-25
20% Na2CO3solution		unmapped		unmapped		2025-11-25
20-30% methane is added to the gas phase. The strain should be grown with shaking.		unmapped		unmapped		2025-11-25
20.00  mg		unmapped		unmapped		2025-11-25
200 mg/l		unmapped		unmapped		2025-11-25
2000 mg/l		unmapped		unmapped		2025-11-25
24   mg	CHEBI:15431	CHEBI	magnesium protoporphyrin	chebi_search	ols4_search	2025-11-25
24% Na2S·9H2O	CHEBI:76208	CHEBI	sodium sulfide (anhydrous)	chebi_normalized	chebi_nodes.tsv	2025-11-25
24.0  mg		unmapped		unmapped		2025-11-25
25 ml solution 1 (4 g NaCl, 0.2 g KCl, 0.05 g MgSO4 x 7 H2O, 0.05 g MgCl2 x 6 H2O		unmapped		unmapped		2025-11-25
25 mM L-Cysteine·HCI solution		unmapped		unmapped		2025-11-25
25 mM L-Cysteine·HCl solution		unmapped		unmapped		2025-11-25
25% (w/v) Glycerin solution		unmapped		unmapped		2025-11-25
25% HCl	CHEBI:17883	CHEBI	hydrogen chloride	chebi_normalized	chebi_nodes.tsv	2025-11-25
25% HCl (7.7 M)	CHEBI:17883	CHEBI	hydrogen chloride	chebi_normalized	chebi_nodes.tsv	2025-11-25
25% KH2PO4solution		unmapped		unmapped		2025-11-25
25% L-Ascorbic acid solution		unmapped		unmapped		2025-11-25
25% MgSO4·7H2O solution		unmapped		unmapped		2025-11-25
25% Sodium pyruvate solution*		unmapped		unmapped		2025-11-25
25% Yeast extract solution*		unmapped		unmapped		2025-11-25
250 mM Dithiothreitol solution		unmapped		unmapped		2025-11-25
250.00  mg		unmapped		unmapped		2025-11-25
28   mg	CHEBI:15431	CHEBI	magnesium protoporphyrin	chebi_search	ols4_search	2025-11-25
2Na-EDTA	CHEBI:4757	CHEBI	EDTA monocalcium diisodium salt	chebi_search	ols4_search	2025-11-25
3 mM KH2PO4solution		unmapped		unmapped		2025-11-25
3% (w/v) cysteine-HCl x H2O (under N2)		unmapped		unmapped		2025-11-25
3% (w/v) Na2S x 9 H2O (under N2)	CHEBI:76208	CHEBI	sodium sulfide (anhydrous)	chebi_normalized	chebi_nodes.tsv	2025-11-25
3% (w/v) Na2S·9H2O solution		unmapped		unmapped		2025-11-25
3% L-Cysteine·HCl·H2O solution		unmapped		unmapped		2025-11-25
3% Na2S·9H2O solution		unmapped		unmapped		2025-11-25
3% Na2S·9H2O solution (neutralized)		unmapped		unmapped		2025-11-25
3-Indolyl acetic acid	CHEBI:16411	CHEBI	indole-3-acetic acid	pubchem_xref	pubchem_cid:802	2025-11-25
3-Methyl-butyric acid	CHEBI:28484	CHEBI	isovaleric acid	pubchem_xref	pubchem_cid:10430	2025-11-25
3. ZnSO4 x 7H2O		unmapped		unmapped		2025-11-25
3.0% L-Cysteine·HCl·H2O solution		unmapped		unmapped		2025-11-25
3.3% KH2PO4solution		unmapped		unmapped		2025-11-25
3.69 x 10-10		unmapped		unmapped		2025-11-25
30 mg/l	CHEBI:15431	CHEBI	magnesium protoporphyrin	chebi_search	ols4_search	2025-11-25
30 mM CaCl 2 x 2 H2O		unmapped		unmapped		2025-11-25
30 mM CaCl2 x 2 H2O:		unmapped		unmapped		2025-11-25
30% Seawater solution (see below)		unmapped		unmapped		2025-11-25
30% Tris base solution		unmapped		unmapped		2025-11-25
300 mg/l		unmapped		unmapped		2025-11-25
300 mM Na2S2O3solution		unmapped		unmapped		2025-11-25
32% HCl	CHEBI:17883	CHEBI	hydrogen chloride	chebi_normalized	chebi_nodes.tsv	2025-11-25
33% Sodium acetate solution		unmapped		unmapped		2025-11-25
36.0  mg		unmapped		unmapped		2025-11-25
37.5 ml 0.1 N NaOH)		unmapped		unmapped		2025-11-25
4 M NH4Cl solution		unmapped		unmapped		2025-11-25
4 mM (final concentration)		unmapped		unmapped		2025-11-25
4 mM Na2S·9H2O solution*		unmapped		unmapped		2025-11-25
4% Fe(NH4)2(SO4)2·6H2O solution (filter-sterilized)		unmapped		unmapped		2025-11-25
4% Na2CO3-CO2buffer		unmapped		unmapped		2025-11-25
4% Sodium benzoate solution*		unmapped		unmapped		2025-11-25
4-Hydroxyphenyl acetic acid	CHEBI:18101	CHEBI	4-hydroxyphenylacetic acid	pubchem_xref	pubchem_cid:127	2025-11-25
4. MnCl2		unmapped		unmapped		2025-11-25
40% (w/v) D-Fructose solution		unmapped		unmapped		2025-11-25
40% Na2S2O3·5H2O solution		unmapped		unmapped		2025-11-25
5 mg	CHEBI:145831	CHEBI	monoacylglycerol 16:5	chebi_search	ols4_search	2025-11-25
5 x CMD micronutrient solution (see below)		unmapped		unmapped		2025-11-25
5% (w/v) CaCl2·2H2O solution		unmapped		unmapped		2025-11-25
5% (w/v) glycerin solution		unmapped		unmapped		2025-11-25
5% (w/v) MgSO4·7H2O solution		unmapped		unmapped		2025-11-25
5% (w/v) Na2S·9H2O solution		unmapped		unmapped		2025-11-25
5% (w/v) NaHCO3 (flushed with N2 + CO2)	CHEBI:32139	CHEBI	sodium hydrogencarbonate	chebi_normalized	chebi_nodes.tsv	2025-11-25
5% defibrinated sheep blood	UBERON:0000178	UBERON	Defibrinated sheep or horse blood	microbio_products	curated	2025-11-25
5% Fe(III) citrate		unmapped		unmapped		2025-11-25
5% K2HPO4solution (autoclaved)		unmapped		unmapped		2025-11-25
5% KH2PO4solution		unmapped		unmapped		2025-11-25
5% L-Cysteine·H2O·HCl solution		unmapped		unmapped		2025-11-25
5% L-Cysteine·HCl·H2O		unmapped		unmapped		2025-11-25
5% L-Cysteine·HCl·H2O solution		unmapped		unmapped		2025-11-25
5% L-Cysteine·HCl·H2O solution (pH 7.0)		unmapped		unmapped		2025-11-25
5% L-Cysteine·HCl·H2O solution (separately sterilized)		unmapped		unmapped		2025-11-25
5% L-Sodium lactate solution		unmapped		unmapped		2025-11-25
5% MgCl2·6H2O solution		unmapped		unmapped		2025-11-25
5% Na2CO3solution		unmapped		unmapped		2025-11-25
5% Na2CO3solution*		unmapped		unmapped		2025-11-25
5% Na2HPO4solution		unmapped		unmapped		2025-11-25
5% Na2S·9H2O	CHEBI:76208	CHEBI	sodium sulfide (anhydrous)	chebi_normalized	chebi_nodes.tsv	2025-11-25
5% Na2S·9H2O (autoclaved)	CHEBI:76208	CHEBI	sodium sulfide (anhydrous)	chebi_normalized	chebi_nodes.tsv	2025-11-25
5% Na2S·9H2O solution		unmapped		unmapped		2025-11-25
5% Na2S·9H2O solution (adjusted pH to 7.0)		unmapped		unmapped		2025-11-25
5% Na2S·9H2O solution (neutralized)		unmapped		unmapped		2025-11-25
5% Na2S·9H2O solution (pH 7.0)		unmapped		unmapped		2025-11-25
5% Na2S·9H2O solution (pH 7.5)		unmapped		unmapped		2025-11-25
5% Na2S·9H2O solution*		unmapped		unmapped		2025-11-25
5% Na2S·9H2Osolution		unmapped		unmapped		2025-11-25
5% NaHCO3solution		unmapped		unmapped		2025-11-25
5% NaHCO3solution*		unmapped		unmapped		2025-11-25
5% Sodium lactate (autoclaved)	CHEBI:75228	CHEBI	sodium lactate	chebi_normalized	chebi_nodes.tsv	2025-11-25
5% Yeast extract solution		unmapped		unmapped		2025-11-25
5. H3BO3		unmapped		unmapped		2025-11-25
5.0   mg		unmapped		unmapped		2025-11-25
5.0 M Sodium formate solution*		unmapped		unmapped		2025-11-25
5.0 mM Toluene (water-saturated)		unmapped		unmapped		2025-11-25
5.0% Na2S·9H2O solution		unmapped		unmapped		2025-11-25
50 mM Coenzyme M solution		unmapped		unmapped		2025-11-25
50 mM NH4Cl solution		unmapped		unmapped		2025-11-25
50% (v/v) Methanol	CHEBI:142766	CHEBI	6-hydroxymethyladenine	chebi_normalized	chebi_nodes.tsv	2025-11-25
50% (v/v) Methanol solution		unmapped		unmapped		2025-11-25
50% Glucose	CHEBI:17234	CHEBI	glucose	chebi_normalized	chebi_nodes.tsv	2025-11-25
50% Methanol	CHEBI:142766	CHEBI	6-hydroxymethyladenine	chebi_normalized	chebi_nodes.tsv	2025-11-25
50.00  mg		unmapped		unmapped		2025-11-25
500 mM MnO2solution		unmapped		unmapped		2025-11-25
5000 mg/l		unmapped		unmapped		2025-11-25
503) and replace 2,3-butanediol by 1.40 g/l triethanolamine hydrochloride added from a 1		unmapped		unmapped		2025-11-25
50x Heterotrophic basal salts solution		unmapped		unmapped		2025-11-25
50x Heterotrophic basal salts solution → NH4		unmapped		unmapped		2025-11-25
50x Heterotrophic basal salts solution → NO3		unmapped		unmapped		2025-11-25
545: TRYPTONE SOYA BROTH (TSB)		unmapped		unmapped		2025-11-25
6   mg	CHEBI:30032	CHEBI	hexaaquamagnesium(2+)	chebi_search	ols4_search	2025-11-25
6 N HCl	CHEBI:136540	CHEBI	phenylhydrazine hydrochloride	chebi_search	ols4_search	2025-11-25
6. CoCl2 x 6H2O		unmapped		unmapped		2025-11-25
6.0  mg		unmapped		unmapped		2025-11-25
6.0% Sodium lactate solution (filter-sterilized)		unmapped		unmapped		2025-11-25
6.25 N H2SO4solution		unmapped		unmapped		2025-11-25
7 Vitamins solution (see below)		unmapped		unmapped		2025-11-25
7% CaCl2·2H2O solution		unmapped		unmapped		2025-11-25
7% K2HPO4solution		unmapped		unmapped		2025-11-25
7% KH2PO4solution		unmapped		unmapped		2025-11-25
7% NaHCO3solution*		unmapped		unmapped		2025-11-25
7. CuCl2		unmapped		unmapped		2025-11-25
7.5 mM EDTA·Na·Fe(III) solution* (pH 7.0)		unmapped		unmapped		2025-11-25
7.5 mM FeNaEDTA solution* (pH 7.0)		unmapped		unmapped		2025-11-25
7.5% NaHCO3solution		unmapped		unmapped		2025-11-25
70.0  mg		unmapped		unmapped		2025-11-25
784   mg		unmapped		unmapped		2025-11-25
8% (w/v) Na2CO3	CHEBI:29377	CHEBI	sodium carbonate	chebi_normalized	chebi_nodes.tsv	2025-11-25
8% (w/v) Na2CO3solution		unmapped		unmapped		2025-11-25
8% Na2CO3solution		unmapped		unmapped		2025-11-25
8% NaHCO3 solution*		unmapped		unmapped		2025-11-25
8% NaHCO3solution		unmapped		unmapped		2025-11-25
8% NaHCO3solution (filter-sterilized)		unmapped		unmapped		2025-11-25
8% NaHCO3solution*		unmapped		unmapped		2025-11-25
8% NaHCO3solution**		unmapped		unmapped		2025-11-25
8%NaHCO3solution*		unmapped		unmapped		2025-11-25
8. NiCl2 x 2H2O		unmapped		unmapped		2025-11-25
8.0% (w/v) NaHCO3solution*		unmapped		unmapped		2025-11-25
8.0% Na2CO3solution		unmapped		unmapped		2025-11-25
8.0% NaHCO3solution		unmapped		unmapped		2025-11-25
8.0% NaHCO3solution*		unmapped		unmapped		2025-11-25
8.2 with 1 M NaOH.		unmapped		unmapped		2025-11-25
8.5% NaHCO3*		unmapped		unmapped		2025-11-25
8.5% NaHCO3solution		unmapped		unmapped		2025-11-25
83 mM TiNTA solution* (see below)		unmapped		unmapped		2025-11-25
83 mM TiNTA solution* (see Medium No.923)		unmapped		unmapped		2025-11-25
9. Na2MoO4 x 2H2O or NH4MoO4		unmapped		unmapped		2025-11-25
99   mg	CHEBI:31795	CHEBI	magnesium sulfate heptahydrate	chebi_search	ols4_search	2025-11-25
A rich loam with good crumb structure should be sought.  Stones, roots and larger		unmapped		unmapped		2025-11-25
A5 solution (see below)		unmapped		unmapped		2025-11-25
ABM (Acidic Bold-Basal Medium with Vitamins; modified)		unmapped		unmapped		2025-11-25
about 7.0 by adding of sterile 2 M H2SO4 drop-wise with a syringe without opening the		unmapped		unmapped		2025-11-25
about 7.0 by adding of sterile 2 N H2SO4 drop-wise with a syringe without opening the		unmapped		unmapped		2025-11-25
Absolute ethanol	CHEBI:63059	CHEBI	(2S,3R)-EHNA	chebi_search	ols4_search	2025-11-25
acceptor. For DSM 18852, yeast extract be be omitted, and Na-acetate may be replaced		unmapped		unmapped		2025-11-25
ACES	CHEBI:39061	CHEBI	ACES	chebi_exact	chebi_nodes.tsv	2025-11-25
ACES-buffer		unmapped		unmapped		2025-11-25
Acetate (final concentration)	CHEBI:131446	CHEBI	2-aminobenzoylacetate	chebi_normalized	chebi_nodes.tsv	2025-11-25
Acetate or capronate solution		unmapped		unmapped		2025-11-25
Acetic acid	CHEBI:15366	CHEBI	acetic acid	chebi_exact	chebi_nodes.tsv	2025-11-25
Acid trace element solution (see below)		unmapped		unmapped		2025-11-25
Acid trace element solution (see Medium No.602)		unmapped		unmapped		2025-11-25
Acidic trace metals (Pfennig & Lippert, 1965)		unmapped		unmapped		2025-11-25
Activated carbon	CHEBI:142491	CHEBI	R-H	chebi_search	ols4_search	2025-11-25
Add 3 g / L R2A (M. 830).		unmapped		unmapped		2025-11-25
Add after autoclaving sterile solutions of		unmapped		unmapped		2025-11-25
Add after autoclaving:		unmapped		unmapped		2025-11-25
Add aseptically:		unmapped		unmapped		2025-11-25
Add first two chemicals separately in 500ml/dH2O, allowing each to completely		unmapped		unmapped		2025-11-25
Add L-cysteine-HCL x H2O		unmapped		unmapped		2025-11-25
Add vitamin B12 from a filter sterilsed stock solution.		unmapped		unmapped		2025-11-25
After autoclaving  add vitamin solution.		unmapped		unmapped		2025-11-25
After autoclaving add solution 2 to solution 1.		unmapped		unmapped		2025-11-25
After autoclaving add:		unmapped		unmapped		2025-11-25
After autoclaving and cooling add:		unmapped		unmapped		2025-11-25
After autoclaving, cool to 50-60°C and combine the solution by pouring solution 2 to		unmapped		unmapped		2025-11-25
After sterilization add from sterile stock solutions:		unmapped		unmapped		2025-11-25
After sterilization aseptically add 10% (v/v) ethanol		unmapped		unmapped		2025-11-25
agar	CHEBI:2509	CHEBI	agar	chebi_exact	chebi_nodes.tsv	2025-11-25
Agar (Bacto)	CHEBI:2509	CHEBI	agar	chebi_normalized	chebi_nodes.tsv	2025-11-25
Agar (Bacto) (optional)	CHEBI:2509	CHEBI	agar	chebi_normalized	chebi_nodes.tsv	2025-11-25
Agar (BD Bacto)	CHEBI:2509	CHEBI	agar	chebi_normalized	chebi_nodes.tsv	2025-11-25
Agar (Difco)	CHEBI:2509	CHEBI	agar	chebi_normalized	chebi_nodes.tsv	2025-11-25
Agar (Difco) if appropriate		unmapped		unmapped		2025-11-25
Agar (Difco), if necessary		unmapped		unmapped		2025-11-25
Agar (for solid media)	CHEBI:2509	CHEBI	agar	chebi_normalized	chebi_nodes.tsv	2025-11-25
Agar (if necessary)	CHEBI:2509	CHEBI	agar	chebi_normalized	chebi_nodes.tsv	2025-11-25
Agar (if needed)	CHEBI:2509	CHEBI	agar	chebi_normalized	chebi_nodes.tsv	2025-11-25
Agar (if required)	CHEBI:2509	CHEBI	agar	chebi_normalized	chebi_nodes.tsv	2025-11-25
Agar (Oxoid No. 1) if appropriate		unmapped		unmapped		2025-11-25
Agar (Oxoid)	CHEBI:2509	CHEBI	agar	chebi_normalized	chebi_nodes.tsv	2025-11-25
Agar agar	CHEBI:85248	CHEBI	gellan gum	chebi_search	ols4_search	2025-11-25
Agar Difco		unmapped		unmapped		2025-11-25
Agar if appropriate		unmapped		unmapped		2025-11-25
Agar if required		unmapped		unmapped		2025-11-25
agar in	CHEBI:85248	CHEBI	gellan gum	chebi_search	ols4_search	2025-11-25
Agar Noble		unmapped		unmapped		2025-11-25
agar per		unmapped		unmapped		2025-11-25
Agar, for stabs (optional)		unmapped		unmapped		2025-11-25
Agar, if necessary		unmapped		unmapped		2025-11-25
Agar, if needed		unmapped		unmapped		2025-11-25
Agar, if required		unmapped		unmapped		2025-11-25
Agar, Noble (BD-Difco)		unmapped		unmapped		2025-11-25
Agar-Agar	CHEBI:85248	CHEBI	gellan gum	chebi_search	ols4_search	2025-11-25
Agar-agar (Difco)		unmapped		unmapped		2025-11-25
agarose	CHEBI:2511	CHEBI	agarose	chebi_exact	chebi_nodes.tsv	2025-11-25
Aged seawater		unmapped		unmapped		2025-11-25
AJS (Acidified JM:SE)		unmapped		unmapped		2025-11-25
AlCl3	CHEBI:30114	CHEBI	aluminium trichloride	chebi_exact	chebi_nodes.tsv	2025-11-25
AlCl3 x 6 H2O	CHEBI:30114	CHEBI	aluminium trichloride	chebi_normalized	chebi_nodes.tsv	2025-11-25
AlCl3.6H2O	CHEBI:30115	CHEBI	aluminium trichloride hexahydrate	chebi_exact	chebi_nodes.tsv	2025-11-25
AlCl3·6H2O	CHEBI:30114	CHEBI	aluminium trichloride	chebi_normalized	chebi_nodes.tsv	2025-11-25
aliquots and their containers are autoclaved for an appropriate length of time (e.g.		unmapped		unmapped		2025-11-25
aliquots and their containers are autoclaved for an appropriate length of time (e.g.		unmapped		unmapped		2025-11-25
AlK(SO4)2	CHEBI:86463	CHEBI	potassium aluminium sulfate	chebi_exact	chebi_nodes.tsv	2025-11-25
AlK(SO4)2 x 12H2O	CHEBI:86463	CHEBI	potassium aluminium sulfate	chebi_normalized	chebi_nodes.tsv	2025-11-25
AlK(SO4)2·12H2O	CHEBI:86463	CHEBI	potassium aluminium sulfate	chebi_normalized	chebi_nodes.tsv	2025-11-25
Alkaline trace element solution (see below)		unmapped		unmapped		2025-11-25
Alkaline trace element solution (see Medium No.602)		unmapped		unmapped		2025-11-25
Allen's trace element solution		unmapped		unmapped		2025-11-25
Alternatively:	CHEBI:231555	CHEBI	Human Heregulin-b1	chebi_search	ols4_search	2025-11-25
Amino acid solution	CHEBI:90200	CHEBI	lissamine fast red	chebi_search	ols4_search	2025-11-25
Aminoacids (100 x)		unmapped		unmapped		2025-11-25
Ammonium acetate	CHEBI:62947	CHEBI	ammonium acetate	chebi_exact	chebi_nodes.tsv	2025-11-25
ammonium chloride	CHEBI:31206	CHEBI	ammonium chloride	chebi_exact	chebi_nodes.tsv	2025-11-25
Ammonium ferric citrate	CHEBI:31604	CHEBI	ferric ammonium citrate	chebi_exact	chebi_nodes.tsv	2025-11-25
Ammonium Molybdate	CHEBI:91249	CHEBI	ammonium molybdate	chebi_exact	chebi_nodes.tsv	2025-11-25
Ammonium Sulfate	CHEBI:62946	CHEBI	ammonium sulfate	chebi_exact	chebi_nodes.tsv	2025-11-25
Amorphous Fe(OH)3		unmapped		unmapped		2025-11-25
Amount/Volume	CHEBI:50504	CHEBI	osmotic diuretic	chebi_search	ols4_search	2025-11-25
Amphotericin B (5 mg/ml DMSO)	CHEBI:2682	CHEBI	amphotericin B	chebi_normalized	chebi_nodes.tsv	2025-11-25
Ampicillin (50 mg/ml)	CHEBI:28971	CHEBI	ampicillin	chebi_normalized	chebi_nodes.tsv	2025-11-25
Anaerobe Basal Broth CM0957 (Dehydrated, OXOID)		unmapped		unmapped		2025-11-25
And autoclave for 15 min at 121C.		unmapped		unmapped		2025-11-25
and autoclave. Prepare solutions B, C, D, E and H under anaerobic conditions and		unmapped		unmapped		2025-11-25
and Vitamins; modified)		unmapped		unmapped		2025-11-25
and Vitamins; modified, with added nutrients)		unmapped		unmapped		2025-11-25
and steam	CHEBI:83629	CHEBI	tea tree oil	chebi_search	ols4_search	2025-11-25
for one our or autoclave for		unmapped		unmapped		2025-11-25
Antia NJ, Cheng JY & Taylor FJR (1969) Proc. Int. Seaweed Symp. 6, 17­29		unmapped		unmapped		2025-11-25
Antia NJ &  Kalmakoff  J (1965) Fish. Res.  Bd  Can.,  Manuscr. Rep. Ser. (Oceanogr.		unmapped		unmapped		2025-11-25
APM salts solution (see below)		unmapped		unmapped		2025-11-25
Appearance of a yellow colour indicates the drop of pH to about 8. The solution should		unmapped		unmapped		2025-11-25
Appearance of a yellow colour indicates the drop of pH to about 8. The solution should be		unmapped		unmapped		2025-11-25
Approved: 30APR20		unmapped		unmapped		2025-11-25
Archaeal culture filtrate (see below)		unmapped		unmapped		2025-11-25
Arginine	CHEBI:16467	CHEBI	L-arginine	chebi_exact	chebi_nodes.tsv	2025-11-25
Aromatic fatty acids solution (see below)		unmapped		unmapped		2025-11-25
Aromatic fatty acids solution (see Medium No.1051)		unmapped		unmapped		2025-11-25
Artifical sea salts (Sigma)		unmapped		unmapped		2025-11-25
Artifical Sea Water		unmapped		unmapped		2025-11-25
Artifical sea water (see below)		unmapped		unmapped		2025-11-25
Artifical sea water, 3 times conc.		unmapped		unmapped		2025-11-25
Artifical sea water:		unmapped		unmapped		2025-11-25
Artifical Seawater (see below)		unmapped		unmapped		2025-11-25
Artifical seawater solution → NH4		unmapped		unmapped		2025-11-25
Artifical seawater solution:		unmapped		unmapped		2025-11-25
Artificial saltwater (see Medium No.629)		unmapped		unmapped		2025-11-25
Artificial Sea Salt (hw Marinemix 21010; Wiegandt GmbH – Products for aquaristics,		unmapped		unmapped		2025-11-25
Artificial seawater		unmapped		unmapped		2025-11-25
Artificial seawater (see below)		unmapped		unmapped		2025-11-25
Artificial seawater (see Medium No.304)		unmapped		unmapped		2025-11-25
Artificial seawater (see Medium No.736)		unmapped		unmapped		2025-11-25
Artificial Seawater suppl. with 50 g/I NaCl1)		unmapped		unmapped		2025-11-25
Ascorbate solution (1M) → an ice bath ascorbic acid was dissolved		unmapped		unmapped		2025-11-25
Ascorbate solution (1M) → with NaOH and the added up to		unmapped		unmapped		2025-11-25
Ascorbic acid	CHEBI:22652	CHEBI	ascorbic acid	chebi_exact	chebi_nodes.tsv	2025-11-25
Ascorbic acid solution		unmapped		unmapped		2025-11-25
Ascorbic acid solution 2%(w/v) → Ascorbic acid		unmapped		unmapped		2025-11-25
Ascorbic acid solution 2%(w/v) → fill up to		unmapped		unmapped		2025-11-25
aseptically and anaerobically add vitamin B12 solution, vitamin mixture, bicarbonate		unmapped		unmapped		2025-11-25
aseptically, (1:1), when cool. This is to avoid precipitation.		unmapped		unmapped		2025-11-25
Aseptically add stock solutions (2), (3) and (4) in above amounts to each test tube.		unmapped		unmapped		2025-11-25
ASW 150		unmapped		unmapped		2025-11-25
ASW 300		unmapped		unmapped		2025-11-25
As for SE1.		unmapped		unmapped		2025-11-25
atmosphere containig 5 - 10% CO2.		unmapped		unmapped		2025-11-25
at least a week) and then the supernatant is decanted and filtered.  The final pH		unmapped		unmapped		2025-11-25
Autoclave all solutions separately, final pH is 6.8.		unmapped		unmapped		2025-11-25
Autoclave at 121 °C for 20 min.		unmapped		unmapped		2025-11-25
autoclave at 121°C 15 min.		unmapped		unmapped		2025-11-25
Autoclave at 121°C for 15 min.		unmapped		unmapped		2025-11-25
Autoclave at 121°C for 15 minutes.		unmapped		unmapped		2025-11-25
Autoclave at 15 psi for		unmapped		unmapped		2025-11-25
Autoclave at 15 psi for 15 minutes.		unmapped		unmapped		2025-11-25
Autoclave solution A without the vitamin solution. Autoclave solution B in half full, closed		unmapped		unmapped		2025-11-25
Autoclave the yeast extract separately.		unmapped		unmapped		2025-11-25
Autoclave under 2 bar N2:CO2 (80:20).		unmapped		unmapped		2025-11-25
Autoclave at 15 psi for		unmapped		unmapped		2025-11-25
A rich loam with good crumb structure should be sought.  Stones, roots and larger		unmapped		unmapped		2025-11-25
B12	CHEBI:156213	CHEBI	(4-{[(3,5-dimethylisoxazol-4-yl)methyl]amino}quinazolin-2-yl)methanol	chebi_normalized	chebi_nodes.tsv	2025-11-25
BaCl2	CHEBI:63317	CHEBI	barium chloride	chebi_exact	chebi_nodes.tsv	2025-11-25
BaCl2·2H2O	CHEBI:63317	CHEBI	barium chloride	chebi_normalized	chebi_nodes.tsv	2025-11-25
Bacto agar		unmapped		unmapped		2025-11-25
Bacto agar (BD-Difco)		unmapped		unmapped		2025-11-25
Bacto beef extract	CHEBI:132852	CHEBI	Aqueous extract of beef tissue	microbio_products	curated	2025-11-25
Bacto Bitone (Peptone)		unmapped		unmapped		2025-11-25
Bacto Heart Infusion Broth (BD 238400)		unmapped		unmapped		2025-11-25
Bacto m TGE broth (BD-Difco)		unmapped		unmapped		2025-11-25
Bacto Middelbrook 7H11 agar (see below)		unmapped		unmapped		2025-11-25
Bacto Middlebrook 7H10 agar (Difco 262710)		unmapped		unmapped		2025-11-25
Bacto Panton (Peptone)		unmapped		unmapped		2025-11-25
Bacto Peptone		unmapped		unmapped		2025-11-25
Bacto Peptone (BD 211677)		unmapped		unmapped		2025-11-25
Bacto peptone (BD 212750)		unmapped		unmapped		2025-11-25
Bacto peptone (BD-Difco)		unmapped		unmapped		2025-11-25
Bacto peptone (Difco)		unmapped		unmapped		2025-11-25
Bacto Proteose Peptone		unmapped		unmapped		2025-11-25
Bacto Soytone	CHEBI:8150	CHEBI	Enzymatic digest of soybean meal	microbio_products	curated	2025-11-25
Bacto Soytone (BD243620)		unmapped		unmapped		2025-11-25
Bacto Tryptic Soy Broth without Dextrose		unmapped		unmapped		2025-11-25
Bacto Tryptone (Difco)		unmapped		unmapped		2025-11-25
Bacto vitamin assay		unmapped		unmapped		2025-11-25
Bacto yeast extract		unmapped		unmapped		2025-11-25
Bacto yeast extract (BD 211921)		unmapped		unmapped		2025-11-25
Bacto yeast extract (Difco)		unmapped		unmapped		2025-11-25
Bacto Yeast extrakt		unmapped		unmapped		2025-11-25
Bacto-peptone		unmapped		unmapped		2025-11-25
Bacto-Peptone (BD)		unmapped		unmapped		2025-11-25
Bacto-Tryptone	CHEBI:78018	CHEBI	Enzymatic digest of casein rich in tryptophan	microbio_products	curated	2025-11-25
Bactopeptone		unmapped		unmapped		2025-11-25
Baker's yeast	CHEBI:75772	CHEBI	Saccharomyces cerevisiae metabolite	chebi_search	ols4_search	2025-11-25
Basal medium (see below)		unmapped		unmapped		2025-11-25
Basal medium 2 (see below)		unmapped		unmapped		2025-11-25
Basal medium 2 (see Medium No.1139)		unmapped		unmapped		2025-11-25
Basal mineral NaCl medium (sterilized, see Medium No.1079)		unmapped		unmapped		2025-11-25
Basal salt solution (see below)		unmapped		unmapped		2025-11-25
Basal salts solution		unmapped		unmapped		2025-11-25
Basal salts solution (see below)		unmapped		unmapped		2025-11-25
Base Medium 1	CHEBI:35177	CHEBI	2-oxohexanoate	chebi_search	ols4_search	2025-11-25
Base Medium 1079		unmapped		unmapped		2025-11-25
Base Medium 1116		unmapped		unmapped		2025-11-25
Base Medium 118		unmapped		unmapped		2025-11-25
Base Medium 1217		unmapped		unmapped		2025-11-25
Base Medium 151		unmapped		unmapped		2025-11-25
Base Medium 156		unmapped		unmapped		2025-11-25
Base Medium 160		unmapped		unmapped		2025-11-25
Base Medium 165		unmapped		unmapped		2025-11-25
Base Medium 168		unmapped		unmapped		2025-11-25
Base Medium 174		unmapped		unmapped		2025-11-25
Base Medium 175		unmapped		unmapped		2025-11-25
Base Medium 180		unmapped		unmapped		2025-11-25
Base Medium 183		unmapped		unmapped		2025-11-25
Base Medium 184		unmapped		unmapped		2025-11-25
Base Medium 193		unmapped		unmapped		2025-11-25
Base Medium 203		unmapped		unmapped		2025-11-25
Base Medium 230		unmapped		unmapped		2025-11-25
Base Medium 232		unmapped		unmapped		2025-11-25
Base Medium 242		unmapped		unmapped		2025-11-25
Base Medium 255		unmapped		unmapped		2025-11-25
Base Medium 26		unmapped		unmapped		2025-11-25
Base Medium 262		unmapped		unmapped		2025-11-25
Base Medium 265		unmapped		unmapped		2025-11-25
Base Medium 276		unmapped		unmapped		2025-11-25
Base Medium 284		unmapped		unmapped		2025-11-25
Base Medium 297		unmapped		unmapped		2025-11-25
Base Medium 308		unmapped		unmapped		2025-11-25
Base Medium 310		unmapped		unmapped		2025-11-25
Base Medium 330		unmapped		unmapped		2025-11-25
Base Medium 341		unmapped		unmapped		2025-11-25
Base Medium 356		unmapped		unmapped		2025-11-25
Base Medium 363		unmapped		unmapped		2025-11-25
Base Medium 365		unmapped		unmapped		2025-11-25
Base Medium 369		unmapped		unmapped		2025-11-25
Base Medium 371		unmapped		unmapped		2025-11-25
Base Medium 379		unmapped		unmapped		2025-11-25
Base Medium 383		unmapped		unmapped		2025-11-25
Base Medium 386		unmapped		unmapped		2025-11-25
Base Medium 388		unmapped		unmapped		2025-11-25
Base Medium 389		unmapped		unmapped		2025-11-25
Base Medium 393		unmapped		unmapped		2025-11-25
Base Medium 42		unmapped		unmapped		2025-11-25
Base Medium 423		unmapped		unmapped		2025-11-25
Base Medium 43		unmapped		unmapped		2025-11-25
Base Medium 461		unmapped		unmapped		2025-11-25
Base Medium 462		unmapped		unmapped		2025-11-25
Base Medium 499		unmapped		unmapped		2025-11-25
Base Medium 50		unmapped		unmapped		2025-11-25
Base Medium 504		unmapped		unmapped		2025-11-25
Base Medium 516		unmapped		unmapped		2025-11-25
Base Medium 519		unmapped		unmapped		2025-11-25
Base Medium 542		unmapped		unmapped		2025-11-25
Base Medium 549		unmapped		unmapped		2025-11-25
Base Medium 552		unmapped		unmapped		2025-11-25
Base Medium 561		unmapped		unmapped		2025-11-25
Base Medium 574		unmapped		unmapped		2025-11-25
Base Medium 576		unmapped		unmapped		2025-11-25
Base Medium 59		unmapped		unmapped		2025-11-25
Base Medium 592		unmapped		unmapped		2025-11-25
Base Medium 598		unmapped		unmapped		2025-11-25
Base Medium 60		unmapped		unmapped		2025-11-25
Base Medium 618		unmapped		unmapped		2025-11-25
Base Medium 636		unmapped		unmapped		2025-11-25
Base Medium 651		unmapped		unmapped		2025-11-25
Base Medium 691		unmapped		unmapped		2025-11-25
Base Medium 701		unmapped		unmapped		2025-11-25
Base Medium 718		unmapped		unmapped		2025-11-25
Base Medium 770		unmapped		unmapped		2025-11-25
Base Medium 774		unmapped		unmapped		2025-11-25
Base Medium 776		unmapped		unmapped		2025-11-25
Base Medium 786		unmapped		unmapped		2025-11-25
Base Medium 791		unmapped		unmapped		2025-11-25
Base Medium 795		unmapped		unmapped		2025-11-25
Base Medium 81		unmapped		unmapped		2025-11-25
Base Medium 835		unmapped		unmapped		2025-11-25
Base Medium 846		unmapped		unmapped		2025-11-25
Base Medium 875		unmapped		unmapped		2025-11-25
Base Medium 909		unmapped		unmapped		2025-11-25
Base salt medium (see below)		unmapped		unmapped		2025-11-25
Base salt medium (see Medium No.1207)		unmapped		unmapped		2025-11-25
Base soda medium (see below)		unmapped		unmapped		2025-11-25
Base soda medium (see Medium No.1207)		unmapped		unmapped		2025-11-25
Basic mineral salt medium 1 (see below)		unmapped		unmapped		2025-11-25
Basic mineral salt medium 1 (see Medium No.1139)		unmapped		unmapped		2025-11-25
BBL Actinomyces broth (see below)		unmapped		unmapped		2025-11-25
BCYE agar (BD-Difco)		unmapped		unmapped		2025-11-25
be clear and is yellow in colour.		unmapped		unmapped		2025-11-25
be stirred continuously to avoid precipitation of elemental sulfur. The final solution		unmapped		unmapped		2025-11-25
be taken that the temperature of the solutions to be mixed are about 50°C, otherwise		unmapped		unmapped		2025-11-25
beef extract	CHEBI:44302	CHEBI	N-cyclohexyl-2-aminoethanesulfonic acid	pubchem_xref	pubchem_cid:66898	2025-11-25
Beef extract (BD BBL)		unmapped		unmapped		2025-11-25
Beef extract (BD-Difco)		unmapped		unmapped		2025-11-25
Beef extract (Difco)		unmapped		unmapped		2025-11-25
Beef extract (Lab Lemco)		unmapped		unmapped		2025-11-25
Beef extract (Lab Lemco, Oxoid)		unmapped		unmapped		2025-11-25
Beef Extract (Lab-Lemco-Powder)		unmapped		unmapped		2025-11-25
Beef extract (Oxoid)		unmapped		unmapped		2025-11-25
Beef, dehydrated infusion from 300g		unmapped		unmapped		2025-11-25
Before inoculation add from sterile stock solutions:		unmapped		unmapped		2025-11-25
Before inoculation, add from anaerobic stock solutions 0.02% yeast extract (for		unmapped		unmapped		2025-11-25
Before using, add 2,6 ml solution B (Na2S x 9 H2O), 0.1 ml solution F (Vitamin B12) and		unmapped		unmapped		2025-11-25
Betaine	CHEBI:17750	CHEBI	glycine betaine	chebi_exact	chebi_nodes.tsv	2025-11-25
Betaine Hydrochloride		unmapped		unmapped		2025-11-25
Betaine x H2O		unmapped		unmapped		2025-11-25
BG-FPC (see below)		unmapped		unmapped		2025-11-25
BG11 (Blue-Green Medium)		unmapped		unmapped		2025-11-25
Bicarbonate solution (C)		unmapped		unmapped		2025-11-25
BICINE buffer (Sigma)	CHEBI:39066	CHEBI	[bis(2-hydroxyethyl)ammonio]acetate	chebi_normalized	chebi_nodes.tsv	2025-11-25
Biomaris Seawater		unmapped		unmapped		2025-11-25
Biotin	CHEBI:15956	CHEBI	biotin	chebi_exact	chebi_nodes.tsv	2025-11-25
Biotin (0.1% w/v)	CHEBI:15956	CHEBI	biotin	chebi_normalized	chebi_nodes.tsv	2025-11-25
Biotin (10 mg/l)	CHEBI:15956	CHEBI	biotin	chebi_normalized	chebi_nodes.tsv	2025-11-25
Biotine	CHEBI:15956	CHEBI	biotin	chebi_exact	chebi_nodes.tsv	2025-11-25
Biotin (9)	CHEBI:15956	CHEBI	biotin	chebi_normalized	chebi_nodes.tsv	2025-11-25
Biotin in	CHEBI:176841	CHEBI	vitamin B7	chebi_search	ols4_search	2025-11-25
Biphasic (see separate recipes below and overleaf)		unmapped		unmapped		2025-11-25
Biphasic.  See separate recipes below.		unmapped		unmapped		2025-11-25
Biphasic.  See separate recipes.		unmapped		unmapped		2025-11-25
BL Agar (see Medium No.13)		unmapped		unmapped		2025-11-25
Boil and cool under CO2. Under a gentle stream of CO2 add:		unmapped		unmapped		2025-11-25
Boiled soluble starch		unmapped		unmapped		2025-11-25
bottles. Autoclave solution C. Combine the sterile solutions A, B, and C after cooling.		unmapped		unmapped		2025-11-25
Bovine calf serum (heat-inactivated)		unmapped		unmapped		2025-11-25
Bovine serum albumin	CHEBI:139595	CHEBI	9-(2-O-methyl-alpha-L-rhamnosyloxy)nonanoylamino group	chebi_search	ols4_search	2025-11-25
Bovine serum albumin, Fraction V (Wako)		unmapped		unmapped		2025-11-25
Brain heart infusion (BD Bacto)		unmapped		unmapped		2025-11-25
Brain heart infusion (BD BBL)		unmapped		unmapped		2025-11-25
Brain heart infusion (BD-Difco)		unmapped		unmapped		2025-11-25
Brain heart infusion (DIFCO)		unmapped		unmapped		2025-11-25
Brain heart infusion broth (BD-Difco)		unmapped		unmapped		2025-11-25
Brewer anaerobic agar (BD-Difco)		unmapped		unmapped		2025-11-25
Bromocresol purple (saturated aq. solution)	CHEBI:86154	CHEBI	bromocresol purple	chebi_normalized	chebi_nodes.tsv	2025-11-25
Bromothymol blue (0.5% in 0.2N KOH)	CHEBI:86155	CHEBI	bromothymol blue	chebi_normalized	chebi_nodes.tsv	2025-11-25
Brucella agar (BD-BBL)		unmapped		unmapped		2025-11-25
Brucella broth (BD-BBL)		unmapped		unmapped		2025-11-25
Brucella Broth (Becton Dickinson)		unmapped		unmapped		2025-11-25
Buffers	CHEBI:39011	CHEBI	Good's buffer substance	chebi_search	ols4_search	2025-11-25
Butyric acid	CHEBI:30772	CHEBI	butyric acid	chebi_exact	chebi_nodes.tsv	2025-11-25
but  approximately	CHEBI:63610	CHEBI	misoprostol	chebi_search	ols4_search	2025-11-25
C. sporogenes supernatant		unmapped		unmapped		2025-11-25
Ca pantotenate		unmapped		unmapped		2025-11-25
Ca(NO3)	CHEBI:176566	CHEBI	calcium-43 atom	chebi_normalized	chebi_nodes.tsv	2025-11-25
Ca(NO3)2	CHEBI:31341	CHEBI	calcium dihydroxide	chebi_normalized	chebi_nodes.tsv	2025-11-25
Ca(NO3)2 x 4 H2O	CHEBI:31341	CHEBI	calcium dihydroxide	chebi_normalized	chebi_nodes.tsv	2025-11-25
Ca(NO3)2 x 4 H2O (0.1% w/v)	CHEBI:31341	CHEBI	calcium dihydroxide	chebi_normalized	chebi_nodes.tsv	2025-11-25
Ca(NO3)2x4H2O	CHEBI:31341	CHEBI	calcium dihydroxide	chebi_normalized	chebi_nodes.tsv	2025-11-25
Ca(NO3)2·4H2O	CHEBI:31341	CHEBI	calcium dihydroxide	chebi_normalized	chebi_nodes.tsv	2025-11-25
Ca-pantothenate	CHEBI:31345	CHEBI	Calcium pantothenate	chebi_search	ols4_search	2025-11-25
Ca2Cl x 2 H2O		unmapped		unmapped		2025-11-25
CaCl 2		unmapped		unmapped		2025-11-25
CaCl 2 x 2 H2O		unmapped		unmapped		2025-11-25
CaCl 2 x·2 H2O		unmapped		unmapped		2025-11-25
CaCl x 2 H2O		unmapped		unmapped		2025-11-25
CaCl2	CHEBI:3312	CHEBI	calcium dichloride	chebi_exact	chebi_nodes.tsv	2025-11-25
CaCl2   1.5%		unmapped		unmapped		2025-11-25
CaCl2  x 2 H2O	CHEBI:3312	CHEBI	calcium dichloride	chebi_normalized	chebi_nodes.tsv	2025-11-25
CaCl2 (0.1 M)	CHEBI:3312	CHEBI	calcium dichloride	chebi_normalized	chebi_nodes.tsv	2025-11-25
CaCl2 (1% v/v)	CHEBI:3312	CHEBI	calcium dichloride	chebi_normalized	chebi_nodes.tsv	2025-11-25
CaCl2 x  2 H2O	CHEBI:3312	CHEBI	calcium dichloride	chebi_normalized	chebi_nodes.tsv	2025-11-25
CaCl2 x 2 H20		unmapped		unmapped		2025-11-25
CaCl2 x 2 H2O	CHEBI:3312	CHEBI	calcium dichloride	chebi_normalized	chebi_nodes.tsv	2025-11-25
CaCl2 x 2 H2O (0.1% w/v)	CHEBI:3312	CHEBI	calcium dichloride	chebi_normalized	chebi_nodes.tsv	2025-11-25
CaCl2 x 2 H2O (50 g/l stock solution)	CHEBI:3312	CHEBI	calcium dichloride	chebi_normalized	chebi_nodes.tsv	2025-11-25
CaCl2 x 2 H2O (5M)	CHEBI:3312	CHEBI	calcium dichloride	chebi_normalized	chebi_nodes.tsv	2025-11-25
CaCl2 x 2 H2O solution (7%)		unmapped		unmapped		2025-11-25
CaCl2 x 2H2O	CHEBI:3312	CHEBI	calcium dichloride	chebi_normalized	chebi_nodes.tsv	2025-11-25
CaCl2 x 6 H2O	CHEBI:3312	CHEBI	calcium dichloride	chebi_normalized	chebi_nodes.tsv	2025-11-25
CaCl2 x 7 H2O	CHEBI:3312	CHEBI	calcium dichloride	chebi_normalized	chebi_nodes.tsv	2025-11-25
CaCl2 x H20		unmapped		unmapped		2025-11-25
CaCl2 x H2O		unmapped		unmapped		2025-11-25
CaCl2 x2 H2O	CHEBI:3312	CHEBI	calcium dichloride	chebi_normalized	chebi_nodes.tsv	2025-11-25
CaCl2 x2H2O	CHEBI:3312	CHEBI	calcium dichloride	chebi_normalized	chebi_nodes.tsv	2025-11-25
CaCl22H2O		unmapped		unmapped		2025-11-25
CaCl2x 2H2O	CHEBI:3312	CHEBI	calcium dichloride	chebi_normalized	chebi_nodes.tsv	2025-11-25
CaCl2x2H2O	CHEBI:3312	CHEBI	calcium dichloride	chebi_normalized	chebi_nodes.tsv	2025-11-25
CaCl2x6H2O	CHEBI:3312	CHEBI	calcium dichloride	chebi_normalized	chebi_nodes.tsv	2025-11-25
CaCl2 x 2H2O	CHEBI:3312	CHEBI	calcium dichloride	chebi_normalized	chebi_nodes.tsv	2025-11-25
CaCl2·2H2O	CHEBI:3312	CHEBI	calcium dichloride	chebi_normalized	chebi_nodes.tsv	2025-11-25
CaCl2·2H2O solution (68 mM)		unmapped		unmapped		2025-11-25
CaCl2·H2O		unmapped		unmapped		2025-11-25
CaCl·2H2O		unmapped		unmapped		2025-11-25
CaCO3	CHEBI:3311	CHEBI	calcium carbonate	chebi_exact	chebi_nodes.tsv	2025-11-25
CaCO3 (light precipitate)	CHEBI:3311	CHEBI	calcium carbonate	chebi_normalized	chebi_nodes.tsv	2025-11-25
Calcareous dinoflagellates		unmapped		unmapped		2025-11-25
Calcium Chloride	CHEBI:3312	CHEBI	calcium dichloride	chebi_exact	chebi_nodes.tsv	2025-11-25
Calcium chloride dihydrate	CHEBI:86158	CHEBI	calcium chloride dihydrate	chebi_exact	chebi_nodes.tsv	2025-11-25
Calcium D(+)-Pantthenate		unmapped		unmapped		2025-11-25
Calcium folinic acid		unmapped		unmapped		2025-11-25
Calcium malate		unmapped		unmapped		2025-11-25
Calcium pantothenate	CHEBI:31345	CHEBI	Calcium pantothenate	chebi_exact	chebi_nodes.tsv	2025-11-25
Calcium pantothenate	CHEBI:31345	CHEBI	Calcium pantothenate	chebi_normalized	chebi_nodes.tsv	2025-11-25
Calf serum	UBERON:0001977	UBERON	Blood serum (plasma without clotting factors)	microbio_products	curated	2025-11-25
Caproic acid	CHEBI:30776	CHEBI	hexanoic acid	chebi_exact	chebi_nodes.tsv	2025-11-25
Capronic acid	CHEBI:30776	CHEBI	hexanoic acid	chebi_exact	chebi_nodes.tsv	2025-11-25
CAPS buffer		unmapped		unmapped		2025-11-25
CAPSO	CHEBI:183882	CHEBI	3-(cyclohexylamino)-2-hydroxy-1-propanesulfonic acid	pubchem_xref	pubchem_cid:2733480	2025-11-25
Carbonate Salts Solution		unmapped		unmapped		2025-11-25
Carboxymethyl cellulose	CHEBI:85146	CHEBI	carboxymethylcellulose	chebi_exact	chebi_nodes.tsv	2025-11-25
Carboxymethyl cellulose, sodium salt	CHEBI:234035	CHEBI	carboxymethylcellulose sodium salt	pubchem_xref	pubchem_cid:6328154	2025-11-25
Carboxymethylcellulose (CMC), sodium salt	CHEBI:234035	CHEBI	carboxymethylcellulose sodium salt	chebi_normalized	chebi_nodes.tsv	2025-11-25
Carrot, peeled and cut		unmapped		unmapped		2025-11-25
Casamino Acid	CHEBI:78020	CHEBI	Acid hydrolysate of casein, mixture of amino acids and small peptides	microbio_products	curated	2025-11-25
Casamino Acids	CHEBI:78020	CHEBI	Acid hydrolysate of casein, mixture of amino acids and small peptides	microbio_products	curated	2025-11-25
Casamino acids (BD 223050)		unmapped		unmapped		2025-11-25
Casamino acids (BD Bacto)		unmapped		unmapped		2025-11-25
Casamino acids (BD BBL)		unmapped		unmapped		2025-11-25
Casamino acids (BD)		unmapped		unmapped		2025-11-25
Casamino acids (BD-Difco)		unmapped		unmapped		2025-11-25
Casamino acids (Difco BD)		unmapped		unmapped		2025-11-25
Casamino acids (Difco)		unmapped		unmapped		2025-11-25
Casamino acids (Oxoid)		unmapped		unmapped		2025-11-25
Casamino acids (with vitamins)		unmapped		unmapped		2025-11-25
Casamino acids Difco (vitamin free)		unmapped		unmapped		2025-11-25
Casamino acids, vitamin assay (BD-Difco)		unmapped		unmapped		2025-11-25
Casaminoacids	CHEBI:78020	CHEBI	Acid hydrolysate of casein, mixture of amino acids and small peptides	microbio_products	curated	2025-11-25
Casein	CHEBI:195199	CHEBI	Casein Kinase I Inhibitor, D4476	chebi_search	ols4_search	2025-11-25
Casein (pancreatic digest)		unmapped		unmapped		2025-11-25
Casein acids hydrolysate		unmapped		unmapped		2025-11-25
Casein digest (Casitone, cat. no. 225930) *		unmapped		unmapped		2025-11-25
Casein hydrolysate	CHEBI:78020	CHEBI	Hydrolyzed casein, mixture of amino acids and peptides	microbio_products	curated	2025-11-25
Casein hydrolysate (Oxoid LP0041)		unmapped		unmapped		2025-11-25
Casein hydrolysate acid		unmapped		unmapped		2025-11-25
Casein peptone		unmapped		unmapped		2025-11-25
Casein peptone (BD BACTO)		unmapped		unmapped		2025-11-25
Casein peptone, tryptic digest		unmapped		unmapped		2025-11-25
Casein peptone, tryptic digested		unmapped		unmapped		2025-11-25
Casiton		unmapped		unmapped		2025-11-25
Casitone	CHEBI:78018	CHEBI	Pancreatic digest of casein	microbio_products	curated	2025-11-25
Casitone (BD Bacto)		unmapped		unmapped		2025-11-25
Casitone (BD BBL)		unmapped		unmapped		2025-11-25
Casitone (BD-BBL)		unmapped		unmapped		2025-11-25
Casitone (BD-Difco)		unmapped		unmapped		2025-11-25
Casitone (Difco)		unmapped		unmapped		2025-11-25
Casitone (pancreatic digest of casein)		unmapped		unmapped		2025-11-25
Casmino Acid	CHEBI:78020	CHEBI	Acid hydrolysate of casein, mixture of amino acids and small peptides	microbio_products	curated	2025-11-25
Casmino acids	CHEBI:78020	CHEBI	Acid hydrolysate of casein, mixture of amino acids and small peptides	microbio_products	curated	2025-11-25
CaSO4 (saturated aq. solution)	CHEBI:31346	CHEBI	calcium sulfate	chebi_normalized	chebi_nodes.tsv	2025-11-25
CaSO4 (saturated solution)	CHEBI:31346	CHEBI	calcium sulfate	chebi_normalized	chebi_nodes.tsv	2025-11-25
CaSO4 x 2 H2O	CHEBI:31346	CHEBI	calcium sulfate	chebi_normalized	chebi_nodes.tsv	2025-11-25
CaSO4 x 2H2O	CHEBI:31346	CHEBI	calcium sulfate	chebi_normalized	chebi_nodes.tsv	2025-11-25
CaSO4.2H2O	CHEBI:32583	CHEBI	calcium sulfate dihydrate	chebi_exact	chebi_nodes.tsv	2025-11-25
CaSO4·2H2O	CHEBI:31346	CHEBI	calcium sulfate	chebi_normalized	chebi_nodes.tsv	2025-11-25
CaSO4·7H2O	CHEBI:31346	CHEBI	calcium sulfate	chebi_normalized	chebi_nodes.tsv	2025-11-25
Castenholz basal salt solution (see below)		unmapped		unmapped		2025-11-25
Castenholz basal salt solution (see Medium No.273)		unmapped		unmapped		2025-11-25
Catalase (2000 U/ml)		unmapped		unmapped		2025-11-25
Catalase (Sigma C-10)		unmapped		unmapped		2025-11-25
Catalase (SIGMA C1345) (0.10% w/v)		unmapped		unmapped		2025-11-25
CCAP (Culture Collection of Algae and Protozoa), Dunstaffnage Marine Laboratory,		unmapped		unmapped		2025-11-25
CCAP (Culture Collection of Algae and Protozoa), SAMS Ltd,		unmapped		unmapped		2025-11-25
CCAP (Culture Collection of Algae and Protozoa), Dunstaffnage Marine Laboratory,		unmapped		unmapped		2025-11-25
Cellobiose	CHEBI:17057	CHEBI	cellobiose	chebi_exact	chebi_nodes.tsv	2025-11-25
Cellobiose or Cellulose MN 300		unmapped		unmapped		2025-11-25
Cellulose (Avicel or MN 300)	CHEBI:18246	CHEBI	(1->4)-beta-D-glucan	chebi_normalized	chebi_nodes.tsv	2025-11-25
Cellulose (Avicel or MN 301) (optional)	CHEBI:18246	CHEBI	(1->4)-beta-D-glucan	chebi_normalized	chebi_nodes.tsv	2025-11-25
Cellulose (MN 300)	CHEBI:18246	CHEBI	(1->4)-beta-D-glucan	chebi_normalized	chebi_nodes.tsv	2025-11-25
Cellulose (MN300) (optional)	CHEBI:18246	CHEBI	(1->4)-beta-D-glucan	chebi_normalized	chebi_nodes.tsv	2025-11-25
Cellulose powder MN 300 (Macherey-Nagel Co.)		unmapped		unmapped		2025-11-25
Cellulose, Avicel SIGMA (optional)		unmapped		unmapped		2025-11-25
Cellulose, Lens tissue or MN 301 (optional)		unmapped		unmapped		2025-11-25
Cellulose, MN 301 (optional)		unmapped		unmapped		2025-11-25
CGM (Bold Basal Medium with 3-fold Nitrogen		unmapped		unmapped		2025-11-25
Chalcopyrite	CHEBI:86202	CHEBI	chalcopyrite	chebi_exact	chebi_nodes.tsv	2025-11-25
Charcoal (medical)	CHEBI:91090	CHEBI	charcoal	chebi_normalized	chebi_nodes.tsv	2025-11-25
Charcoal for medical application (in agar only)		unmapped		unmapped		2025-11-25
Charcoal-filtered, natural seawater		unmapped		unmapped		2025-11-25
CHEBI:134447	CHEBI:134447	CHEBI	glycerol 1-monomycolate (C80) (Mycobacterium phlei)	pubchem_xref	pubchem_cid:124202358	2025-11-25
CHEBI:86254	CHEBI:86254	CHEBI	iron trichloride hexahydrate	chebi_search	ols4_search	2025-11-25
Cheese whey		unmapped		unmapped		2025-11-25
Chelated iron solution (see below)		unmapped		unmapped		2025-11-25
Chelated iron solution (see Medium No.828)		unmapped		unmapped		2025-11-25
Chelated iron solution:		unmapped		unmapped		2025-11-25
Chelated trace metals		unmapped		unmapped		2025-11-25
Chemical	CHEBI:24431	CHEBI	chemical entity	chebi_search	ols4_search	2025-11-25
CHERRY AGAR (CBS formula)		unmapped		unmapped		2025-11-25
Add 1 l water to		unmapped		unmapped		2025-11-25
Chitin (amorphous) or Sigma C7170		unmapped		unmapped		2025-11-25
Chitin stock solution (see below)		unmapped		unmapped		2025-11-25
Choline chloride	CHEBI:133341	CHEBI	choline chloride	chebi_exact	chebi_nodes.tsv	2025-11-25
Citric acid	CHEBI:30769	CHEBI	citric acid	chebi_exact	chebi_nodes.tsv	2025-11-25
Citric acid x H2O		unmapped		unmapped		2025-11-25
Clarified rumen fluid	ingredient:rumen_fluid	ingredient	Clarified rumen fluid from ruminant animals	microbio_products	curated	2025-11-25
Clarified rumen fluid, alternative (optional)		unmapped		unmapped		2025-11-25
Clarified rumen fluid, clarified		unmapped		unmapped		2025-11-25
clear and is yellow in colour.		unmapped		unmapped		2025-11-25
CMRL 1066 with glutamate (Sigma)		unmapped		unmapped		2025-11-25
CMRL 1066/10 x Glutamin (GIBCO 042-1545)		unmapped		unmapped		2025-11-25
Co Carboxylase		unmapped		unmapped		2025-11-25
Co(NO3)2	CHEBI:86209	CHEBI	cobalt dinitrate	chebi_exact	chebi_nodes.tsv	2025-11-25
Co(NO3)2 x 6H2O	CHEBI:139538	CHEBI	((13)C)carbon dioxide	chebi_normalized	chebi_nodes.tsv	2025-11-25
Co(NO3)2.6H2O	CHEBI:86214	CHEBI	cobalt dinitrate hexahydrate	chebi_exact	chebi_nodes.tsv	2025-11-25
Co(NO3)2·6H2O	CHEBI:139538	CHEBI	((13)C)carbon dioxide	chebi_normalized	chebi_nodes.tsv	2025-11-25
Co-factors solution		unmapped		unmapped		2025-11-25
Co-factors solution → dissolved separately		unmapped		unmapped		2025-11-25
Co-factors solution*** (see below)		unmapped		unmapped		2025-11-25
CO2 gas mixture in		unmapped		unmapped		2025-11-25
Hungate tubes (5 ml per tube) or in		unmapped		unmapped		2025-11-25
Cobalamin (B12)	CHEBI:15982	CHEBI	cob(I)alamin	chebi_normalized	chebi_nodes.tsv	2025-11-25
Cobalamine		unmapped		unmapped		2025-11-25
CoCl 2		unmapped		unmapped		2025-11-25
CoCl 2 x 6 H2O		unmapped		unmapped		2025-11-25
CoCl2	CHEBI:29365	CHEBI	phosgene	chebi_exact	chebi_nodes.tsv	2025-11-25
CoCl2 6 H2O		unmapped		unmapped		2025-11-25
CoCl2 x 2 H2O	CHEBI:29365	CHEBI	phosgene	chebi_normalized	chebi_nodes.tsv	2025-11-25
CoCl2 x 4 H2O	CHEBI:29365	CHEBI	phosgene	chebi_normalized	chebi_nodes.tsv	2025-11-25
CoCl2 x 6 H2O	CHEBI:29365	CHEBI	phosgene	chebi_normalized	chebi_nodes.tsv	2025-11-25
CoCl2 x 6 H2O (0.1% w/v)	CHEBI:29365	CHEBI	phosgene	chebi_normalized	chebi_nodes.tsv	2025-11-25
CoCl2*6 H2O		unmapped		unmapped		2025-11-25
CoCl2*6H2O		unmapped		unmapped		2025-11-25
CoCl2-6H2O		unmapped		unmapped		2025-11-25
CoCl2.6H2O	CHEBI:29365	CHEBI	phosgene	chebi_normalized	chebi_nodes.tsv	2025-11-25
CoCl2·6H2O	CHEBI:29365	CHEBI	phosgene	chebi_normalized	chebi_nodes.tsv	2025-11-25
CoCl2·6H2O (8.0 g/L in 0.01 N H2SO4)	CHEBI:29365	CHEBI	phosgene	chebi_normalized	chebi_nodes.tsv	2025-11-25
coconut  oil	CHEBI:30805	CHEBI	dodecanoic acid	chebi_search	ols4_search	2025-11-25
Coenzyme A	CHEBI:15346	CHEBI	coenzyme A	chebi_exact	chebi_nodes.tsv	2025-11-25
Coenzyme M	CHEBI:17905	CHEBI	coenzyme M	chebi_exact	chebi_nodes.tsv	2025-11-25
Columbia Blood Agar Base		unmapped		unmapped		2025-11-25
Columbia blood agar base (BD-Difco)		unmapped		unmapped		2025-11-25
Columbia sheep blood agar plates (BBL) may be used and incubated under an anaerobic		unmapped		unmapped		2025-11-25
Combine solutions and stir until mixture is a deep burgundy colour. This may take over an		unmapped		unmapped		2025-11-25
ConcentratedVibriosuspension (see below)		unmapped		unmapped		2025-11-25
Continued on next page		unmapped		unmapped		2025-11-25
Cooked meat medium (Oxoid)		unmapped		unmapped		2025-11-25
Cool to room temperature and aseptically add solution B filter sterilised.		unmapped		unmapped		2025-11-25
Cool to room temperature under an atmosphere of N2/CO2 in an ice bath (10-15 min).		unmapped		unmapped		2025-11-25
Cool to room temperature under an atmosphere of N2/CO2 in an ice bath.		unmapped		unmapped		2025-11-25
Copper Sulfate	CHEBI:23414	CHEBI	copper(II) sulfate	chebi_exact	chebi_nodes.tsv	2025-11-25
Corn meal agar		unmapped		unmapped		2025-11-25
Blend	CHEBI:134091	CHEBI	perfluorinated compound	chebi_search	ols4_search	2025-11-25
Corn meal agar (BD-Difco)		unmapped		unmapped		2025-11-25
Corn meal agar (Nissui)		unmapped		unmapped		2025-11-25
Corn meal Agar (Oxoid CM103)		unmapped		unmapped		2025-11-25
Corn starch		unmapped		unmapped		2025-11-25
Corn steep liquor	ingredient:corn_steep_liquor	ingredient	By-product of corn wet-milling, rich in nutrients	microbio_products	curated	2025-11-25
CoSO4	CHEBI:53470	CHEBI	cobalt(2+) sulfate	chebi_exact	chebi_nodes.tsv	2025-11-25
CoSO4  x 7 H2O	CHEBI:53470	CHEBI	cobalt(2+) sulfate	chebi_normalized	chebi_nodes.tsv	2025-11-25
CoSO4 x 7 H2O	CHEBI:53470	CHEBI	cobalt(2+) sulfate	chebi_normalized	chebi_nodes.tsv	2025-11-25
CoSO4.7H2O	CHEBI:53470	CHEBI	cobalt(2+) sulfate	chebi_normalized	chebi_nodes.tsv	2025-11-25
CoSO47H2O		unmapped		unmapped		2025-11-25
CoSO4·7H2		unmapped		unmapped		2025-11-25
CoSO4·7H2O	CHEBI:53470	CHEBI	cobalt(2+) sulfate	chebi_normalized	chebi_nodes.tsv	2025-11-25
COW MANURE AGAR		unmapped		unmapped		2025-11-25
Suspend	CHEBI:4388	CHEBI	deltamethrin	pubchem_xref	pubchem_cid:40585	2025-11-25
Cow's milk (whole fat)		unmapped		unmapped		2025-11-25
Cr2(SO4)3·xH2O		unmapped		unmapped		2025-11-25
Creatine	CHEBI:16919	CHEBI	creatine	chebi_exact	chebi_nodes.tsv	2025-11-25
CrK(SO4)2·12H2O		unmapped		unmapped		2025-11-25
Crotonic acid	CHEBI:17217	CHEBI	2-butenoic acid	chebi_exact	chebi_nodes.tsv	2025-11-25
crude oil	CHEBI:17097	CHEBI	biphenyl	chebi_search	ols4_search	2025-11-25
CuCl	CHEBI:53472	CHEBI	copper(I) chloride	chebi_exact	chebi_nodes.tsv	2025-11-25
CuCl 2 x 2 H2O		unmapped		unmapped		2025-11-25
CuCl2	CHEBI:49553	CHEBI	copper(II) chloride	chebi_exact	chebi_nodes.tsv	2025-11-25
CuCl2 x 2 H2O	CHEBI:49553	CHEBI	copper(II) chloride	chebi_normalized	chebi_nodes.tsv	2025-11-25
CuCl2 x 5 H2O	CHEBI:49553	CHEBI	copper(II) chloride	chebi_normalized	chebi_nodes.tsv	2025-11-25
CuCl2*2H2O	CHEBI:86318	CHEBI	copper(II) chloride dihydrate	chebi_search	ols4_search	2025-11-25
CuCl2-2H2O		unmapped		unmapped		2025-11-25
CuCl2·2H2O	CHEBI:49553	CHEBI	copper(II) chloride	chebi_normalized	chebi_nodes.tsv	2025-11-25
Cultivation of CACO-2 cells (ACC 169)		unmapped		unmapped		2025-11-25
Cultivation of Diplorickettsia massiliensis		unmapped		unmapped		2025-11-25
Cultivation of L929 (ACC 2) or HeLa (ACC 57) cells		unmapped		unmapped		2025-11-25
Cultivation of Liberibacter sp.		unmapped		unmapped		2025-11-25
Cultivation of Vero B4 (ACC 33) cells		unmapped		unmapped		2025-11-25
Cultivation of XTC-2 (from Xenopus laevis) cells		unmapped		unmapped		2025-11-25
CuSO4	CHEBI:23414	CHEBI	copper(II) sulfate	chebi_exact	chebi_nodes.tsv	2025-11-25
CuSo4  x 5H2O	CHEBI:23414	CHEBI	copper(II) sulfate	chebi_normalized	chebi_nodes.tsv	2025-11-25
CuSO4 . 5H2O	CHEBI:23414	CHEBI	copper(II) sulfate	chebi_normalized	chebi_nodes.tsv	2025-11-25
CuSO4 x 2 H2O	CHEBI:23414	CHEBI	copper(II) sulfate	chebi_normalized	chebi_nodes.tsv	2025-11-25
CuSO4 x 5 H2O	CHEBI:23414	CHEBI	copper(II) sulfate	chebi_normalized	chebi_nodes.tsv	2025-11-25
CuSo4 x 5H2O	CHEBI:23414	CHEBI	copper(II) sulfate	chebi_normalized	chebi_nodes.tsv	2025-11-25
CuSO4 x 6 H2O	CHEBI:23414	CHEBI	copper(II) sulfate	chebi_normalized	chebi_nodes.tsv	2025-11-25
CuSO4*5 H2O		unmapped		unmapped		2025-11-25
CuSO4.5H2O	CHEBI:31440	CHEBI	copper(II) sulfate pentahydrate	chebi_exact	chebi_nodes.tsv	2025-11-25
CuSO4·5H2O	CHEBI:23414	CHEBI	copper(II) sulfate	chebi_normalized	chebi_nodes.tsv	2025-11-25
CuSO4·5H2O (0.15 g/L in 0.01 N H2SO4)	CHEBI:23414	CHEBI	copper(II) sulfate	chebi_normalized	chebi_nodes.tsv	2025-11-25
Cyanocobalamin	CHEBI:17439	CHEBI	cyanocob(III)alamin	chebi_exact	chebi_nodes.tsv	2025-11-25
Cyanocobalamin (B12)	CHEBI:17439	CHEBI	cyanocob(III)alamin	chebi_normalized	chebi_nodes.tsv	2025-11-25
Cyanocobalamin (vitamin B12 )	CHEBI:17439	CHEBI	cyanocob(III)alamin	chebi_normalized	chebi_nodes.tsv	2025-11-25
Cyanocobalamin (Vitamin B12)	CHEBI:17439	CHEBI	cyanocob(III)alamin	chebi_normalized	chebi_nodes.tsv	2025-11-25
Cyanocobalamine (vitamin B12)		unmapped		unmapped		2025-11-25
Cyanocobalamin in	CHEBI:176843	CHEBI	vitamin B12	chebi_search	ols4_search	2025-11-25
Cyanocobalamin  (Vitamin B12)	CHEBI:17439	CHEBI	cyanocob(III)alamin	chebi_normalized	chebi_nodes.tsv	2025-11-25
CYC agar medium (see Medium No.49)		unmapped		unmapped		2025-11-25
Cyclohexemid		unmapped		unmapped		2025-11-25
Cyclomaltoheptaose (ß-cyclodextrin)	CHEBI:495055	CHEBI	beta-cyclodextrin	chebi_normalized	chebi_nodes.tsv	2025-11-25
Cystein-HCL		unmapped		unmapped		2025-11-25
Cystein-HCl x 2 H2O (5% (w/v))		unmapped		unmapped		2025-11-25
Cysteine HCl	CHEBI:91247	CHEBI	L-cysteine hydrochloride	chebi_normalized	chebi_nodes.tsv	2025-11-25
Cysteine hydrochloride solution (10%)		unmapped		unmapped		2025-11-25
Cysteine solution		unmapped		unmapped		2025-11-25
Cysteine-HCl	CHEBI:91247	CHEBI	L-cysteine hydrochloride	pubchem_xref	pubchem_cid:60960	2025-11-25
Cysteine-HCl x H2O		unmapped		unmapped		2025-11-25
Czapek concentrate (see below)		unmapped		unmapped		2025-11-25
Czapek Dox agar (Merck)		unmapped		unmapped		2025-11-25
Czapek-Dox liquid medium, modified (Oxoid)		unmapped		unmapped		2025-11-25
D Calcium Panthothenate		unmapped		unmapped		2025-11-25
D(+)-Biotin	CHEBI:15956	CHEBI	biotin	chebi_normalized	chebi_nodes.tsv	2025-11-25
D(+)-Glucose	CHEBI:17634	CHEBI	D-glucose	chebi_exact	chebi_nodes.tsv	2025-11-25
D(+)-Trehalose	CHEBI:16551	CHEBI	alpha,alpha-trehalose	chebi_normalized	chebi_nodes.tsv	2025-11-25
D,L-6,8-thioctic acid		unmapped		unmapped		2025-11-25
d-Biotin	CHEBI:15956	CHEBI	biotin	chebi_exact	chebi_nodes.tsv	2025-11-25
D-Ca-pantothenate		unmapped		unmapped		2025-11-25
D-Calcium pantothenate	CHEBI:31345	CHEBI	Calcium pantothenate	chebi_normalized	chebi_nodes.tsv	2025-11-25
D-Fructose	CHEBI:15824	CHEBI	D-fructose	chebi_exact	chebi_nodes.tsv	2025-11-25
D-Fructose (optional)	CHEBI:15824	CHEBI	D-fructose	chebi_normalized	chebi_nodes.tsv	2025-11-25
D-Galactose	CHEBI:12936	CHEBI	D-galactose	chebi_exact	chebi_nodes.tsv	2025-11-25
D-glucose	CHEBI:17634	CHEBI	D-glucose	chebi_exact	chebi_nodes.tsv	2025-11-25
D-Mannitol	CHEBI:16899	CHEBI	D-mannitol	chebi_exact	chebi_nodes.tsv	2025-11-25
D-Sorbitol	CHEBI:17924	CHEBI	D-glucitol	chebi_exact	chebi_nodes.tsv	2025-11-25
D-Xylose	CHEBI:15936	CHEBI	aldehydo-D-xylose	chebi_exact	chebi_nodes.tsv	2025-11-25
Daiichi Kogyo Seiyaku)		unmapped		unmapped		2025-11-25
Decane	CHEBI:41808	CHEBI	decane	chebi_exact	chebi_nodes.tsv	2025-11-25
Defibrinated Blood	UBERON:0000178	UBERON	Defibrinated sheep or horse blood	microbio_products	curated	2025-11-25
Defibrinated Sheep Blood	UBERON:0000178	UBERON	Defibrinated sheep or horse blood	microbio_products	curated	2025-11-25
Degassed distilled H2O		unmapped		unmapped		2025-11-25
deionised  water  into  a  separate  bottle.    Autoclave  separately    at  15		unmapped		unmapped		2025-11-25
Deionized water	CHEBI:25805	CHEBI	oxygen atom	pubchem_xref	pubchem_cid:962	2025-11-25
Dest. Water		unmapped		unmapped		2025-11-25
Dextran	CHEBI:52071	CHEBI	dextran	chebi_exact	chebi_nodes.tsv	2025-11-25
Dextrin	CHEBI:28675	CHEBI	dextrin	chebi_exact	chebi_nodes.tsv	2025-11-25
Dextrose	CHEBI:17634	CHEBI	D-glucose	chebi_exact	chebi_nodes.tsv	2025-11-25
Dextrose (Difco)	CHEBI:17634	CHEBI	D-glucose	chebi_normalized	chebi_nodes.tsv	2025-11-25
DI Water	CHEBI:15377	CHEBI	water	pubchem_xref	pubchem_cid:962	2025-11-25
Diammonium citrate	CHEBI:63076	CHEBI	diammonium citrate	chebi_exact	chebi_nodes.tsv	2025-11-25
Diammonium hydrogen citrate	CHEBI:63076	CHEBI	diammonium citrate	chebi_exact	chebi_nodes.tsv	2025-11-25
Difco marine broth (Difco 2216)	ingredient:difco_marine_broth_2216	ingredient	Difco Marine Broth 2216, standard marine bacteriology medium	microbio_products	curated	2025-11-25
Difco marine broth (Difco2216)	ingredient:difco_marine_broth_2216	ingredient	Difco Marine Broth 2216, standard marine bacteriology medium	microbio_products	curated	2025-11-25
Difco Marine Broth 2216	ingredient:difco_marine_broth_2216	ingredient	Difco Marine Broth 2216, standard marine bacteriology medium	microbio_products	curated	2025-11-25
Difco soluble starch, 10.0 g. Make a paste of the starch with a small amount of cold		unmapped		unmapped		2025-11-25
Dilute 100 ml solution 1 to 1 litre with 2% NaCl and then add 1 ml of solution 3, 1 ml of		unmapped		unmapped		2025-11-25
Dimethyl sulfoxide	CHEBI:28262	CHEBI	dimethyl sulfoxide	chebi_exact	chebi_nodes.tsv	2025-11-25
dipotassium hydrogen phosphate	CHEBI:131527	CHEBI	dipotassium hydrogen phosphate	chebi_exact	chebi_nodes.tsv	2025-11-25
Dipotassium Phosphate	CHEBI:131527	CHEBI	dipotassium hydrogen phosphate	chebi_exact	chebi_nodes.tsv	2025-11-25
Disodium fumarate	CHEBI:115156	CHEBI	disodium fumarate	chebi_exact	chebi_nodes.tsv	2025-11-25
Disodium oxalate	CHEBI:132764	CHEBI	sodium oxalate	chebi_exact	chebi_nodes.tsv	2025-11-25
Disodium Phosphate	CHEBI:34683	CHEBI	disodium hydrogenphosphate	chebi_exact	chebi_nodes.tsv	2025-11-25
Disodium succinate	CHEBI:63675	CHEBI	sodium succinate (anhydrous)	chebi_exact	chebi_nodes.tsv	2025-11-25
Disodium succinate·6H2O	CHEBI:63675	CHEBI	sodium succinate (anhydrous)	chebi_normalized	chebi_nodes.tsv	2025-11-25
Dispense into suitable vessels and autoclave at 15 psi for		unmapped		unmapped		2025-11-25
Dissolve 1.04 g KOH pellets in 37 ml deionised water. Add 4.08 g Na2EDTA.2H2O.		unmapped		unmapped		2025-11-25
Dissolve 2.74 g of FeSO4.7H2O in 63 ml deionised water.		unmapped		unmapped		2025-11-25
Dissolve 30.0 mg benzothiazole in 90 ml 10% NaOH, bring pH to 7.0 with concentrated		unmapped		unmapped		2025-11-25
dissolve before adding the primary stocks in order:		unmapped		unmapped		2025-11-25
Dissolve the ingredients listed above (in that order) in about 700 ml of 2% NaCl, and		unmapped		unmapped		2025-11-25
Dissolve  the  TRIS  buffer  into		unmapped		unmapped		2025-11-25
distilled  water  are  autoclaved  together  at  15 psi  for  2  hours  and  left  to  cool.    The		unmapped		unmapped		2025-11-25
distilled water		unmapped		unmapped		2025-11-25
distilled water are autoclaved together at 15 psi for 2 hours and left to cool.  The		unmapped		unmapped		2025-11-25
distributed to containers in volumes suitable for making up batches of media.  The		unmapped		unmapped		2025-11-25
distributed to containers in volumes suitable for making up batches of media.  The		unmapped		unmapped		2025-11-25
Dithionite solution (0.2 M)		unmapped		unmapped		2025-11-25
Dithiothreitol (0.25 M)	CHEBI:18320	CHEBI	1,4-dithiothreitol	chebi_normalized	chebi_nodes.tsv	2025-11-25
DL minerals (see below)		unmapped		unmapped		2025-11-25
DL vitamins (see below)		unmapped		unmapped		2025-11-25
DL-2-Methyl butyric acid	CHEBI:52136	CHEBI	glufosinate	chebi_search	ols4_search	2025-11-25
DL-Asparagine x H2O		unmapped		unmapped		2025-11-25
DL-Calcium pantothenate	CHEBI:180950	CHEBI	Calcium DL-pantothenate	pubchem_xref	pubchem_cid:8714	2025-11-25
DL-Dithiothreitol	CHEBI:42170	CHEBI	D-1,4-dithiothreitol	pubchem_xref	pubchem_cid:446094	2025-11-25
DL-Dithiothreitol (DTT)	CHEBI:18320	CHEBI	1,4-dithiothreitol	chebi_search	ols4_search	2025-11-25
DL-Histidine	CHEBI:27570	CHEBI	histidine	chebi_exact	chebi_nodes.tsv	2025-11-25
DL-Malate	CHEBI:15595	CHEBI	malate(2-)	pubchem_xref	pubchem_cid:160434	2025-11-25
DL-malic acid	CHEBI:6650	CHEBI	malic acid	chebi_exact	chebi_nodes.tsv	2025-11-25
DL-Methionine	CHEBI:16811	CHEBI	methionine	chebi_exact	chebi_nodes.tsv	2025-11-25
DL-mevalonic acid	CHEBI:25351	CHEBI	mevalonic acid	chebi_exact	chebi_nodes.tsv	2025-11-25
DL-Na-lactate		unmapped		unmapped		2025-11-25
DL-Na-malate		unmapped		unmapped		2025-11-25
DL-Sodium malate		unmapped		unmapped		2025-11-25
DL-Tryptophan	CHEBI:27897	CHEBI	tryptophan	pubchem_xref	pubchem_cid:1148	2025-11-25
DL-α-Methyl butyric acid		unmapped		unmapped		2025-11-25
DMJ synthetic seawater (see below)		unmapped		unmapped		2025-11-25
DNA (fish sperm; SERVA)	CHEBI:16991	CHEBI	deoxyribonucleic acid	chebi_normalized	chebi_nodes.tsv	2025-11-25
dried grass extract		unmapped		unmapped		2025-11-25
Dried milled rye grass *		unmapped		unmapped		2025-11-25
Dried yeast extract S (Wako)		unmapped		unmapped		2025-11-25
DTT (100 mM)	CHEBI:18320	CHEBI	1,4-dithiothreitol	chebi_normalized	chebi_nodes.tsv	2025-11-25
Dung extract		unmapped		unmapped		2025-11-25
D­glucose		unmapped		unmapped		2025-11-25
E26 + biotin		unmapped		unmapped		2025-11-25
EA (E agar)	CHEBI:27880	CHEBI	2,6-Diethylaniline	chebi_normalized	chebi_nodes.tsv	2025-11-25
EBIOS* (dried yeast tablets)		unmapped		unmapped		2025-11-25
EDTA	CHEBI:4735	CHEBI	ethylenediaminetetraacetic acid	chebi_exact	chebi_nodes.tsv	2025-11-25
EDTA (1%)	CHEBI:42191	CHEBI	EDTA(4-)	chebi_normalized	chebi_nodes.tsv	2025-11-25
EDTA (Trilon B)	CHEBI:42191	CHEBI	EDTA(4-)	chebi_normalized	chebi_nodes.tsv	2025-11-25
EDTA di sodium salt		unmapped		unmapped		2025-11-25
EDTA Na2	CHEBI:64734	CHEBI	EDTA disodium salt (anhydrous)	chebi_search	ols4_search	2025-11-25
EDTA-iron	CHEBI:78292	CHEBI	sodium feredetate	chebi_search	ols4_search	2025-11-25
EDTA.Na2.2H2O		unmapped		unmapped		2025-11-25
EDTA/Trace element mix		unmapped		unmapped		2025-11-25
EDTA/Trace elements mix:		unmapped		unmapped		2025-11-25
EDTA·2Na	CHEBI:4757	CHEBI	EDTA monocalcium diisodium salt	chebi_search	ols4_search	2025-11-25
EDTA·3Na		unmapped		unmapped		2025-11-25
EDTA·Fe(III)		unmapped		unmapped		2025-11-25
EDTA·Na2		unmapped		unmapped		2025-11-25
EDTA·Na·Fe(III)		unmapped		unmapped		2025-11-25
EG (Euglena gracilis medium)	CHEBI:73505	CHEBI	Glu-Gly	chebi_normalized	chebi_nodes.tsv	2025-11-25
EG:JM		unmapped		unmapped		2025-11-25
Eisen(III)citrate (10%)		unmapped		unmapped		2025-11-25
Email: ccap@sams.ac.uk  Web: www.ccap.ac.uk		unmapped		unmapped		2025-11-25
Enzymatic casein hydrolysate		unmapped		unmapped		2025-11-25
Enzymatic digest of casein		unmapped		unmapped		2025-11-25
Enzymatic hydrolysate of casein (Sigma)		unmapped		unmapped		2025-11-25
Ethanol	CHEBI:16236	CHEBI	ethanol	chebi_exact	chebi_nodes.tsv	2025-11-25
Ethanol (50% v/v)	CHEBI:16236	CHEBI	ethanol	chebi_normalized	chebi_nodes.tsv	2025-11-25
Ethanol absolute	CHEBI:17246	CHEBI	poly(vinyl alcohol) macromolecule	pubchem_xref	pubchem_cid:702	2025-11-25
Ethylenediamintetraacetic acid (EDTA),		unmapped		unmapped		2025-11-25
Extra salts (1)		unmapped		unmapped		2025-11-25
Extract Medium)		unmapped		unmapped		2025-11-25
Extra salts (1)		unmapped		unmapped		2025-11-25
f/2 + Si (Guillard’s medium for diatoms)		unmapped		unmapped		2025-11-25
f/2 Medium		unmapped		unmapped		2025-11-25
F/2 Trace		unmapped		unmapped		2025-11-25
FAD	CHEBI:16238	CHEBI	FAD	chebi_exact	chebi_nodes.tsv	2025-11-25
Fastidious Anaerobe Agar (acumedia)		unmapped		unmapped		2025-11-25
Fastidious Anaerobe Basal Broth (OXOID)		unmapped		unmapped		2025-11-25
Fatty acid mixture	CHEBI:61995	CHEBI	lecithin	chebi_search	ols4_search	2025-11-25
Fatty acid mixture (see below)		unmapped		unmapped		2025-11-25
Fatty acid mixture (see Medium No.266)		unmapped		unmapped		2025-11-25
Fatty acid mixture (see Medium No.266)*		unmapped		unmapped		2025-11-25
Fe (III)citrate	CHEBI:144421	CHEBI	iron(III) citrate	chebi_search	ols4_search	2025-11-25
Fe EDTA	CHEBI:30729	CHEBI	ethylenediaminetetraacetatoferrate(1-)	chebi_search	ols4_search	2025-11-25
Fe solution → g Fe		unmapped		unmapped		2025-11-25
Fe solution → Prepare		unmapped		unmapped		2025-11-25
Fe –citrate	CHEBI:144421	CHEBI	iron(III) citrate	chebi_search	ols4_search	2025-11-25
Fe(III) citrate	CHEBI:144421	CHEBI	iron(III) citrate	chebi_search	ols4_search	2025-11-25
Fe(III) citrate (19% Fe)		unmapped		unmapped		2025-11-25
Fe(III) citrate solution		unmapped		unmapped		2025-11-25
Fe(III) citrate solution (0.1% in H2O)		unmapped		unmapped		2025-11-25
Fe(III) quinate solution 0.01 M		unmapped		unmapped		2025-11-25
Fe(III) quinate solution 0.01 M → Fe(III) quinate		unmapped		unmapped		2025-11-25
Fe(III) quinate solution 0.01 M → Sterilize by filtration under		unmapped		unmapped		2025-11-25
Fe(III)(NH4)citrate		unmapped		unmapped		2025-11-25
Fe(III)-EDTA	CHEBI:30729	CHEBI	ethylenediaminetetraacetatoferrate(1-)	chebi_exact	chebi_nodes.tsv	2025-11-25
Fe(III)NH4-EDTA		unmapped		unmapped		2025-11-25
Fe(III)·EDTA	CHEBI:30729	CHEBI	ethylenediaminetetraacetatoferrate(1-)	chebi_search	ols4_search	2025-11-25
Fe(NH3)citrate		unmapped		unmapped		2025-11-25
Fe(NH4)(SO4)2 x 12 H2O	CHEBI:31594	CHEBI	Fe(CN)2	chebi_normalized	chebi_nodes.tsv	2025-11-25
Fe(NH4)2(SO4)2 (0.1% w/v)		unmapped		unmapped		2025-11-25
Fe(NH4)2(SO4)2 x 6 H2O		unmapped		unmapped		2025-11-25
Fe(NH4)2(SO4)2 x 6 H2O (0.01% w/v)		unmapped		unmapped		2025-11-25
Fe(NH4)2(SO4)2 x 6 H2O (0.1% w/v)		unmapped		unmapped		2025-11-25
Fe(NH4)2(SO4)2 x 6 H2O (2% v/v)		unmapped		unmapped		2025-11-25
Fe(NH4)2(SO4)2 x 6H2O		unmapped		unmapped		2025-11-25
Fe(NH4)2(SO4)2 x 7 H2O		unmapped		unmapped		2025-11-25
Fe(NH4)2(SO4)2 x 7 H2O (0.1% w/v)		unmapped		unmapped		2025-11-25
Fe(NH4)2(SO4)2·6H2O		unmapped		unmapped		2025-11-25
Fe(NH4)citrate		unmapped		unmapped		2025-11-25
Fe(NH4)citrate (6.0 g/l stock solution)		unmapped		unmapped		2025-11-25
Fe(SO4)3·xH2O		unmapped		unmapped		2025-11-25
Fe*	CHEBI:197089	CHEBI	Fevicordin B 2-[rhamnosyl-(1->4)-glucosyl-(1->6)-glucoside]	chebi_search	ols4_search	2025-11-25
Fe-citrate	CHEBI:144421	CHEBI	iron(III) citrate	chebi_normalized	chebi_nodes.tsv	2025-11-25
Fe-Citrate solution (0.1%, w/v)		unmapped		unmapped		2025-11-25
Fe-EDTA	CHEBI:30729	CHEBI	ethylenediaminetetraacetatoferrate(1-)	chebi_normalized	chebi_nodes.tsv	2025-11-25
Fe-Ni-WO-Se solution (see below)		unmapped		unmapped		2025-11-25
Fe-Ni-WO-Se solution (see Medium No.1121)		unmapped		unmapped		2025-11-25
Fe2(SO4)3 x H2O		unmapped		unmapped		2025-11-25
Fe2(SO4)3 x n H2O		unmapped		unmapped		2025-11-25
Fe2(SO4)3 x X H2O		unmapped		unmapped		2025-11-25
Fe2(SO4)3·nH2O		unmapped		unmapped		2025-11-25
Fe2(SO4)3·xH2O		unmapped		unmapped		2025-11-25
Fe2+ solution*		unmapped		unmapped		2025-11-25
Fe2+solution (see below)		unmapped		unmapped		2025-11-25
Fe3Cl x 6 H2O		unmapped		unmapped		2025-11-25
FeCl 2 x 4 H2O		unmapped		unmapped		2025-11-25
FeCl2	CHEBI:30812	CHEBI	iron dichloride	chebi_exact	chebi_nodes.tsv	2025-11-25
FeCl2 (0.1% w/v in 0.2 N HCl)	CHEBI:30812	CHEBI	iron dichloride	chebi_normalized	chebi_nodes.tsv	2025-11-25
FeCl2 x 4 H2O	CHEBI:30812	CHEBI	iron dichloride	chebi_normalized	chebi_nodes.tsv	2025-11-25
FeCl2 x 4 H2O (0.1% w/v in 0.2 N HCl)	CHEBI:30812	CHEBI	iron dichloride	chebi_normalized	chebi_nodes.tsv	2025-11-25
FeCl2 x 4 H2O (0.2% w/v in 0.02 N HCl)	CHEBI:30812	CHEBI	iron dichloride	chebi_normalized	chebi_nodes.tsv	2025-11-25
FeCl2 x 6 H2O	CHEBI:30812	CHEBI	iron dichloride	chebi_normalized	chebi_nodes.tsv	2025-11-25
FeCl2solution (see below)		unmapped		unmapped		2025-11-25
FeCl2solution (see Medium No.187)		unmapped		unmapped		2025-11-25
FeCl2solution(see Medium No.187)		unmapped		unmapped		2025-11-25
FeCl2·4H2O	CHEBI:30812	CHEBI	iron dichloride	chebi_normalized	chebi_nodes.tsv	2025-11-25
FeCl3	CHEBI:30808	CHEBI	iron trichloride	chebi_exact	chebi_nodes.tsv	2025-11-25
FeCL3   0.67%		unmapped		unmapped		2025-11-25
FeCl3 (0.01% w/v in 0.2 N HCl)	CHEBI:30808	CHEBI	iron trichloride	chebi_normalized	chebi_nodes.tsv	2025-11-25
FeCl3 (1% sol)	CHEBI:30808	CHEBI	iron trichloride	chebi_normalized	chebi_nodes.tsv	2025-11-25
FeCl3 x 4 H2O	CHEBI:30808	CHEBI	iron trichloride	chebi_normalized	chebi_nodes.tsv	2025-11-25
FeCL3 x 6 H20		unmapped		unmapped		2025-11-25
FeCl3 x 6 H2O	CHEBI:30808	CHEBI	iron trichloride	chebi_normalized	chebi_nodes.tsv	2025-11-25
NaEDTA		unmapped		unmapped		2025-11-25
FeCl3 x 6 H2O (0.1% w/v in 0.2 N HCl)	CHEBI:30808	CHEBI	iron trichloride	chebi_normalized	chebi_nodes.tsv	2025-11-25
FeCl3 x 6 H2O (0.5%)	CHEBI:30808	CHEBI	iron trichloride	chebi_normalized	chebi_nodes.tsv	2025-11-25
FeCl3 x 6 H2O (w/v=1%)	CHEBI:30808	CHEBI	iron trichloride	chebi_normalized	chebi_nodes.tsv	2025-11-25
FeCl3 x 6 H2O solution (2%)		unmapped		unmapped		2025-11-25
FeCl3 x 6H2O (0.5%)	CHEBI:30808	CHEBI	iron trichloride	chebi_normalized	chebi_nodes.tsv	2025-11-25
FeCl3*6 H2O		unmapped		unmapped		2025-11-25
FeCl3.6H2O	CHEBI:86254	CHEBI	iron trichloride hexahydrate	chebi_exact	chebi_nodes.tsv	2025-11-25
FeCl3solution (see below)		unmapped		unmapped		2025-11-25
FeCl3·6H2O	CHEBI:30808	CHEBI	iron trichloride	chebi_normalized	chebi_nodes.tsv	2025-11-25
FeCl3·6H2O solution (0.03%)		unmapped		unmapped		2025-11-25
FeEDTA	CHEBI:30729	CHEBI	ethylenediaminetetraacetatoferrate(1-)	chebi_search	ols4_search	2025-11-25
FeEDTA solution		unmapped		unmapped		2025-11-25
FeEDTA solution (see below)		unmapped		unmapped		2025-11-25
FeEDTA solution:		unmapped		unmapped		2025-11-25
FeNa-EDTA (see below)		unmapped		unmapped		2025-11-25
FePO4	CHEBI:131371	CHEBI	iron(3+) phosphate	chebi_exact	chebi_nodes.tsv	2025-11-25
fermented rumen extract		unmapped		unmapped		2025-11-25
Ferric Ammonium Citrate	CHEBI:31604	CHEBI	ferric ammonium citrate	chebi_exact	chebi_nodes.tsv	2025-11-25
Ferric citrate	CHEBI:144421	CHEBI	iron(III) citrate	chebi_exact	chebi_nodes.tsv	2025-11-25
Ferric citrate (0.1% w/v soln.)	CHEBI:144421	CHEBI	iron(III) citrate	chebi_normalized	chebi_nodes.tsv	2025-11-25
Ferric citrate (0.1% w/v)	CHEBI:144421	CHEBI	iron(III) citrate	chebi_normalized	chebi_nodes.tsv	2025-11-25
Ferric citrate (0.1%, w/v)	CHEBI:144421	CHEBI	iron(III) citrate	chebi_normalized	chebi_nodes.tsv	2025-11-25
Ferric citrate monohydrate	CHEBI:144434	CHEBI	iron(III) citrate monohydrate	chebi_exact	chebi_nodes.tsv	2025-11-25
Ferric citrate solution (0.1%)		unmapped		unmapped		2025-11-25
Ferric EDTA solution		unmapped		unmapped		2025-11-25
Ferric EDTA solution → ) Combine the two solutions and make up to		unmapped		unmapped		2025-11-25
Ferric EDTA solution → and		unmapped		unmapped		2025-11-25
Ferric EDTA solution → Na2EDTA		unmapped		unmapped		2025-11-25
Ferric EDTA solution → NaOH		unmapped		unmapped		2025-11-25
Ferric iron citrate	CHEBI:144421	CHEBI	iron(III) citrate	chebi_search	ols4_search	2025-11-25
Ferric quinate solution (see below)		unmapped		unmapped		2025-11-25
Ferrihydrite	CHEBI:192761	CHEBI	ferrihydrite	chebi_exact	chebi_nodes.tsv	2025-11-25
Ferrihydrite suspension (see below)		unmapped		unmapped		2025-11-25
Ferrous sulfate solution		unmapped		unmapped		2025-11-25
fertilizers, crop sprays or other toxic chemicals may have been used.		unmapped		unmapped		2025-11-25
fertilizers, crop sprays or other toxic chemicals may have been used.		unmapped		unmapped		2025-11-25
FeS solution (see below)		unmapped		unmapped		2025-11-25
FeS solution (see Medium No.628)		unmapped		unmapped		2025-11-25
FeSO4	CHEBI:75832	CHEBI	iron(2+) sulfate (anhydrous)	chebi_exact	chebi_nodes.tsv	2025-11-25
FeSO4 (0.1% w/v in 0.1 N H2SO4)	CHEBI:75832	CHEBI	iron(2+) sulfate (anhydrous)	chebi_normalized	chebi_nodes.tsv	2025-11-25
FeSO4 solution see below		unmapped		unmapped		2025-11-25
FeSO4 solution:		unmapped		unmapped		2025-11-25
FeSO4 x 6H2O	CHEBI:75832	CHEBI	iron(2+) sulfate (anhydrous)	chebi_normalized	chebi_nodes.tsv	2025-11-25
FeSO4 x 7 H20		unmapped		unmapped		2025-11-25
FeSO4 x 7 H2O	CHEBI:75832	CHEBI	iron(2+) sulfate (anhydrous)	chebi_normalized	chebi_nodes.tsv	2025-11-25
FeSO4 x 7 H2O (0.1% w/v in 0.1 N H2SO4)	CHEBI:75832	CHEBI	iron(2+) sulfate (anhydrous)	chebi_normalized	chebi_nodes.tsv	2025-11-25
FeSO4 x 7 H2O (1% solution)	CHEBI:75832	CHEBI	iron(2+) sulfate (anhydrous)	chebi_normalized	chebi_nodes.tsv	2025-11-25
FeSO4 x 7 H2O (40% w/v in 0.2 N H2SO4)	CHEBI:75832	CHEBI	iron(2+) sulfate (anhydrous)	chebi_normalized	chebi_nodes.tsv	2025-11-25
FeSO4 x 7 H2O (40% w/v)	CHEBI:75832	CHEBI	iron(2+) sulfate (anhydrous)	chebi_normalized	chebi_nodes.tsv	2025-11-25
FeSO4 x 7 H2O (50 g/l)	CHEBI:75832	CHEBI	iron(2+) sulfate (anhydrous)	chebi_normalized	chebi_nodes.tsv	2025-11-25
FeSO4 x 7 H2O solution (0.1% w/v)		unmapped		unmapped		2025-11-25
FeSO4 x 7H2O	CHEBI:75832	CHEBI	iron(2+) sulfate (anhydrous)	chebi_normalized	chebi_nodes.tsv	2025-11-25
FeSO4 x7 H2O	CHEBI:75832	CHEBI	iron(2+) sulfate (anhydrous)	chebi_normalized	chebi_nodes.tsv	2025-11-25
FeSO4 x7H2O	CHEBI:75832	CHEBI	iron(2+) sulfate (anhydrous)	chebi_normalized	chebi_nodes.tsv	2025-11-25
FeSO4.7H2O	CHEBI:75836	CHEBI	iron(2+) sulfate heptahydrate	chebi_exact	chebi_nodes.tsv	2025-11-25
FeSO4solution (see below)		unmapped		unmapped		2025-11-25
FeSO4·7H2O	CHEBI:75832	CHEBI	iron(2+) sulfate (anhydrous)	chebi_normalized	chebi_nodes.tsv	2025-11-25
FeSO4·7H2O solution (see below)		unmapped		unmapped		2025-11-25
FeSO4·H2O	CHEBI:75834	CHEBI	iron(2+) sulfate monohydrate	chebi_search	ols4_search	2025-11-25
Fetal Bovine Serum	UBERON:0001977	UBERON	Blood serum (plasma without clotting factors)	microbio_products	curated	2025-11-25
Fetal bovine serum (Biowest; heat inactivated)		unmapped		unmapped		2025-11-25
Fetal bovine serum (heat-inactivated)		unmapped		unmapped		2025-11-25
Fetal Bovine Serum (heat-inactivated, 56°C, 30 min)		unmapped		unmapped		2025-11-25
Fetal or newborn calf serum		unmapped		unmapped		2025-11-25
Fildes Enrichment (BBL 20810) (under N2)		unmapped		unmapped		2025-11-25
Fill 10x 46ml in 100 ml screw-cap bottles. Bubble with N2/CO2 and autoclave 121°C		unmapped		unmapped		2025-11-25
Fill 10x 46ml in 100 ml screw-cap bottles. Bubble with N2/CO2 and autoclave at 121°C for		unmapped		unmapped		2025-11-25
Fill 50 ml in each bottle of solution A. Before using add 4 ml solution B and 0.1 ml		unmapped		unmapped		2025-11-25
Fill 50 ml of the mixed solution (C,D,E) into each 100 ml bottle of solution A (for a total		unmapped		unmapped		2025-11-25
Fill in sterile, N2 gassed screw-cap tubes under N2 gas.		unmapped		unmapped		2025-11-25
Filtered Natural Seawater		unmapped		unmapped		2025-11-25
Filtered seawater		unmapped		unmapped		2025-11-25
Filtered natural seawater		unmapped		unmapped		2025-11-25
Final pH 11.0		unmapped		unmapped		2025-11-25
Final pH 5.5-6.0.		unmapped		unmapped		2025-11-25
Final pH 5.8 – 6.0		unmapped		unmapped		2025-11-25
Final pH 5:0-5.8.		unmapped		unmapped		2025-11-25
Final pH 6.8-7.0		unmapped		unmapped		2025-11-25
final pH 6.9		unmapped		unmapped		2025-11-25
Final pH 7.0		unmapped		unmapped		2025-11-25
Final pH 7.0.		unmapped		unmapped		2025-11-25
Final pH 7.2 - 7.4		unmapped		unmapped		2025-11-25
Final pH 7.2-7.5		unmapped		unmapped		2025-11-25
Final pH 7.2.		unmapped		unmapped		2025-11-25
Final pH 7.25		unmapped		unmapped		2025-11-25
Final pH 7.2;		unmapped		unmapped		2025-11-25
Final pH 7.5		unmapped		unmapped		2025-11-25
Final pH 7.5-7.8		unmapped		unmapped		2025-11-25
Final pH 7.5-8.5.		unmapped		unmapped		2025-11-25
Final pH 8.3		unmapped		unmapped		2025-11-25
Final pH 8.9		unmapped		unmapped		2025-11-25
Final pH 9.0 – 9.5		unmapped		unmapped		2025-11-25
Final pH 9.5		unmapped		unmapped		2025-11-25
Final pH 9.5-10.0		unmapped		unmapped		2025-11-25
Final pH is 6.5.		unmapped		unmapped		2025-11-25
Final pH is 7.2.		unmapped		unmapped		2025-11-25
Final pH should be 6.5.		unmapped		unmapped		2025-11-25
Final pH should be 7.4.		unmapped		unmapped		2025-11-25
Final pH should be 7.8		unmapped		unmapped		2025-11-25
Final pH should be about 10.0		unmapped		unmapped		2025-11-25
Final pH: 1.8		unmapped		unmapped		2025-11-25
Final pH: 10.0		unmapped		unmapped		2025-11-25
Final pH: 2.3		unmapped		unmapped		2025-11-25
Final pH: 5.0 - 5.5		unmapped		unmapped		2025-11-25
Final pH: 5.1		unmapped		unmapped		2025-11-25
Final pH: 5.5		unmapped		unmapped		2025-11-25
Final pH: 5.5 - 6.0		unmapped		unmapped		2025-11-25
Final pH: 5.7		unmapped		unmapped		2025-11-25
Final pH: 5.9		unmapped		unmapped		2025-11-25
Final pH: 6.0		unmapped		unmapped		2025-11-25
Final pH: 6.0 - 6.5		unmapped		unmapped		2025-11-25
Final pH: 6.2		unmapped		unmapped		2025-11-25
Final pH: 6.5		unmapped		unmapped		2025-11-25
Final pH: 6.5 - 6.8		unmapped		unmapped		2025-11-25
Final pH: 6.5 - 7.0		unmapped		unmapped		2025-11-25
Final pH: 6.6		unmapped		unmapped		2025-11-25
Final pH: 6.7		unmapped		unmapped		2025-11-25
Final pH: 6.7 - 7.0		unmapped		unmapped		2025-11-25
Final pH: 6.8		unmapped		unmapped		2025-11-25
Final pH: 6.8 - 7.0		unmapped		unmapped		2025-11-25
Final pH: 6.8 - 7.5		unmapped		unmapped		2025-11-25
Final pH: 6.9		unmapped		unmapped		2025-11-25
Final pH: 7.0		unmapped		unmapped		2025-11-25
Final pH: 7.0 - 7.2		unmapped		unmapped		2025-11-25
Final pH: 7.0 - 7.4		unmapped		unmapped		2025-11-25
Final pH: 7.1		unmapped		unmapped		2025-11-25
Final pH: 7.1 - 7.4		unmapped		unmapped		2025-11-25
Final pH: 7.2		unmapped		unmapped		2025-11-25
Final pH: 7.2 - 7.4		unmapped		unmapped		2025-11-25
Final pH: 7.2 - 7.5		unmapped		unmapped		2025-11-25
Final pH: 7.3		unmapped		unmapped		2025-11-25
Final pH: 7.3 - 7.5		unmapped		unmapped		2025-11-25
Final pH: 7.3 - 7.6		unmapped		unmapped		2025-11-25
Final pH: 7.4		unmapped		unmapped		2025-11-25
Final pH: 7.5		unmapped		unmapped		2025-11-25
Final pH: 7.5 - 7.8		unmapped		unmapped		2025-11-25
Final pH: 7.5 - 8.0		unmapped		unmapped		2025-11-25
Final pH: 7.6 - 7.8		unmapped		unmapped		2025-11-25
Final pH: 7.6 - 8.0		unmapped		unmapped		2025-11-25
Final pH: 8.0		unmapped		unmapped		2025-11-25
Final pH: 8.0 - 8.5		unmapped		unmapped		2025-11-25
Final pH: 8.7 - 9.0		unmapped		unmapped		2025-11-25
Final pH: 8.8 - 9.0		unmapped		unmapped		2025-11-25
Final pH: 9.0		unmapped		unmapped		2025-11-25
Final pH: 9.0 - 9.5		unmapped		unmapped		2025-11-25
Final pH: 9.5		unmapped		unmapped		2025-11-25
Final pH: 9.5 - 10.0		unmapped		unmapped		2025-11-25
Final pH: 9.8		unmapped		unmapped		2025-11-25
Final pH: 9.8 - 10.0		unmapped		unmapped		2025-11-25
Final volume		unmapped		unmapped		2025-11-25
Final volume: 1000 ml		unmapped		unmapped		2025-11-25
Final volume: 1001 ml		unmapped		unmapped		2025-11-25
Final volume: 1002 ml		unmapped		unmapped		2025-11-25
Final volume: 1003 ml		unmapped		unmapped		2025-11-25
Final volume: 1004 ml		unmapped		unmapped		2025-11-25
Final volume: 1005 ml		unmapped		unmapped		2025-11-25
Final volume: 1006 ml		unmapped		unmapped		2025-11-25
Final volume: 1007 ml		unmapped		unmapped		2025-11-25
Final volume: 1008 ml		unmapped		unmapped		2025-11-25
Final volume: 1009 ml		unmapped		unmapped		2025-11-25
Final volume: 1010 ml		unmapped		unmapped		2025-11-25
Final volume: 1011 ml		unmapped		unmapped		2025-11-25
Final volume: 1012 ml		unmapped		unmapped		2025-11-25
Final volume: 1013 ml		unmapped		unmapped		2025-11-25
Final volume: 1020 ml		unmapped		unmapped		2025-11-25
Final volume: 1021 ml		unmapped		unmapped		2025-11-25
Final volume: 1024 ml		unmapped		unmapped		2025-11-25
Final volume: 1025 ml		unmapped		unmapped		2025-11-25
Final volume: 1036 ml		unmapped		unmapped		2025-11-25
Final volume: 1042 ml		unmapped		unmapped		2025-11-25
Finally make up to 1000.0 ml.		unmapped		unmapped		2025-11-25
First dissolve FeCl 2 in the HCl, then dilute in water, add and dissolve the other salts.		unmapped		unmapped		2025-11-25
First dissolve FeCl2 in the HCl, then dilute in water, add and dissolve the other salts.		unmapped		unmapped		2025-11-25
First dissolve FeCl2 in the HCl, then dilute in water, add and dissolve the other salts. Finally		unmapped		unmapped		2025-11-25
First prepare primary stocks for marine supplement stock:		unmapped		unmapped		2025-11-25
First prepare the stock solutions as indicated below. Then combine the following:		unmapped		unmapped		2025-11-25
First, add to 50 ml of deionised water and pH to 7.2 with 2M HCl. Then, slowly		unmapped		unmapped		2025-11-25
Fish meat extract		unmapped		unmapped		2025-11-25
Fish peptone (Fluka)		unmapped		unmapped		2025-11-25
Fish-Sperm DNA		unmapped		unmapped		2025-11-25
Folic acid	CHEBI:27470	CHEBI	folic acid	chebi_exact	chebi_nodes.tsv	2025-11-25
Folic Acid	CHEBI:27470	CHEBI	folic acid	chebi_normalized	chebi_nodes.tsv	2025-11-25
for 1 litre final medium		unmapped		unmapped		2025-11-25
for 500ml working		unmapped		unmapped		2025-11-25
For agar add 15.0 g per litre of Bacteriological Agar (Oxoid L11)*.  Autoclave at 15		unmapped		unmapped		2025-11-25
For agar plates increase the pH of the Tris/HCl buffer to 8.5.		unmapped		unmapped		2025-11-25
For DSM 2118, replace antipyrin by 1 g/l L-phenylalanine.		unmapped		unmapped		2025-11-25
For DSM 2395: Replace 2,3-butanediol with 1.00 g/l of polyethylene glycol (molecular		unmapped		unmapped		2025-11-25
For DSM 29698: Replace 2,3-butanediol with 2.20 g/l Na-gluconate.		unmapped		unmapped		2025-11-25
For DSM 3246: Replace 2,3-butanediol with 1.00 g/l acetoin.		unmapped		unmapped		2025-11-25
For DSM 6652: Replace 2,3-butanediol with 2.60 g/l Na-glutarate and add 20.00 ml/l rumen		unmapped		unmapped		2025-11-25
For ease of measuring first prepare primary stock solutions.		unmapped		unmapped		2025-11-25
For marine bacteria		unmapped		unmapped		2025-11-25
For solid media add agar at a concentration of 12.0 g/l		unmapped		unmapped		2025-11-25
For solubilization of the lyophilized pellet use standard liquid media. Although		unmapped		unmapped		2025-11-25
For strains DSM 21167, DSM 21194, DSM 23711		unmapped		unmapped		2025-11-25
For the growth of DSM 11081 feed the culture with neutralized sulfide feeding		unmapped		unmapped		2025-11-25
For  agar  add		unmapped		unmapped		2025-11-25
Fresh yeast extract		unmapped		unmapped		2025-11-25
Freshwater algae	CHEBI:80716	CHEBI	aplysiatoxin	chebi_search	ols4_search	2025-11-25
Freshwater algae and protozoa		unmapped		unmapped		2025-11-25
Freshwater and terrestrial protozoa and marine algae		unmapped		unmapped		2025-11-25
Freshwater medium		unmapped		unmapped		2025-11-25
Freshwater protozoa		unmapped		unmapped		2025-11-25
Freshwater Solution		unmapped		unmapped		2025-11-25
Freshwater solution B:		unmapped		unmapped		2025-11-25
from an anoxic sterile stock solution neutralized with NaOH.		unmapped		unmapped		2025-11-25
Fructose	CHEBI:28645	CHEBI	beta-D-fructofuranose	chebi_exact	chebi_nodes.tsv	2025-11-25
Fumaric acid	CHEBI:18012	CHEBI	fumaric acid	chebi_exact	chebi_nodes.tsv	2025-11-25
FWM stock solution		unmapped		unmapped		2025-11-25
G  Per  Litre  Bacterial  Agar		unmapped		unmapped		2025-11-25
G  Per  Litre  Bacteriological		unmapped		unmapped		2025-11-25
G Bacto Peptone		unmapped		unmapped		2025-11-25
G Casein Hydrolysate		unmapped		unmapped		2025-11-25
G Casein Hydrolysate And		unmapped		unmapped		2025-11-25
G Glycerol	CHEBI:17754	CHEBI	glycerol	chebi_normalized	chebi_nodes.tsv	2025-11-25
G Nacl	CHEBI:26710	CHEBI	sodium chloride	chebi_normalized	chebi_nodes.tsv	2025-11-25
G Starch	CHEBI:28017	CHEBI	starch	chebi_normalized	chebi_nodes.tsv	2025-11-25
G Yeast Extract		unmapped		unmapped		2025-11-25
Gaffron)		unmapped		unmapped		2025-11-25
Add to		unmapped		unmapped		2025-11-25
Galactose	CHEBI:28260	CHEBI	galactose	chebi_exact	chebi_nodes.tsv	2025-11-25
GAM agar, modified (Nissui)		unmapped		unmapped		2025-11-25
GAM broth (Nissui)		unmapped		unmapped		2025-11-25
GAM Broth mod. powder (HyServe)		unmapped		unmapped		2025-11-25
GAM Broth powder (HyServe)		unmapped		unmapped		2025-11-25
Gelatin	CHEBI:5291	CHEBI	gelatin	chebi_exact	chebi_nodes.tsv	2025-11-25
Gellan Gum (Phytagel)	CHEBI:85248	CHEBI	gellan gum	chebi_normalized	chebi_nodes.tsv	2025-11-25
Gellan gum Gelrite		unmapped		unmapped		2025-11-25
General salts solution (see below)		unmapped		unmapped		2025-11-25
Gentisic acid (2,5-Dihydroxybenzoic acid), sodium salt		unmapped		unmapped		2025-11-25
Geococcus nitratireducens		unmapped		unmapped		2025-11-25
Glacial acetic acid	CHEBI:15366	CHEBI	acetic acid	pubchem_xref	pubchem_cid:176	2025-11-25
Glucose	CHEBI:17234	CHEBI	glucose	chebi_exact	chebi_nodes.tsv	2025-11-25
Glucose (20%)	CHEBI:17234	CHEBI	glucose	chebi_normalized	chebi_nodes.tsv	2025-11-25
Glucose (40% (w/v))	CHEBI:74256	CHEBI	6-deoxy-D-glucos-6-yl corynomycolate	chebi_search	ols4_search	2025-11-25
Glucose (50% aqueous solution)	CHEBI:17234	CHEBI	glucose	chebi_normalized	chebi_nodes.tsv	2025-11-25
Glucose (added separately)	CHEBI:17234	CHEBI	glucose	chebi_normalized	chebi_nodes.tsv	2025-11-25
Glucose (or fructose)	CHEBI:17234	CHEBI	glucose	chebi_normalized	chebi_nodes.tsv	2025-11-25
Glucose (α-, D+)	CHEBI:17234	CHEBI	glucose	chebi_normalized	chebi_nodes.tsv	2025-11-25
Glucose And	CHEBI:17234	CHEBI	glucose	chebi_search	ols4_search	2025-11-25
glucose or arginine as their energy source one is added to the media. Do not combine both		unmapped		unmapped		2025-11-25
Glucose or Mannitol	CHEBI:6364	CHEBI	laminarin	chebi_search	ols4_search	2025-11-25
Glucose sol. (2.5%, sterile-filtered)		unmapped		unmapped		2025-11-25
Glucose sol. (25%, sterile-filtered)		unmapped		unmapped		2025-11-25
glucose solution		unmapped		unmapped		2025-11-25
Glutamic acid	CHEBI:16015	CHEBI	L-glutamic acid	chebi_exact	chebi_nodes.tsv	2025-11-25
Glutathione	CHEBI:16856	CHEBI	glutathione	chebi_exact	chebi_nodes.tsv	2025-11-25
Glutathione solution		unmapped		unmapped		2025-11-25
Glutathione solution 14%(w/v) → and fill up to		unmapped		unmapped		2025-11-25
Glutathione solution 14%(w/v) → Glutathione		unmapped		unmapped		2025-11-25
Glycerol	CHEBI:17754	CHEBI	glycerol	chebi_exact	chebi_nodes.tsv	2025-11-25
ml	CHEBI:74705	CHEBI	Met-Leu	chebi_exact	chebi_nodes.tsv	2025-11-25
Glycerol (87%)	CHEBI:17754	CHEBI	glycerol	chebi_normalized	chebi_nodes.tsv	2025-11-25
Glycerol mono-oleate (techn.)		unmapped		unmapped		2025-11-25
Glycerol monostearate	CHEBI:75456	CHEBI	2-stearoylglycerol	chebi_exact	chebi_nodes.tsv	2025-11-25
Glycerol-asparagine agar (ISP-5) (see Medium No.60)		unmapped		unmapped		2025-11-25
Glycine	CHEBI:15428	CHEBI	glycine	chebi_exact	chebi_nodes.tsv	2025-11-25
Glycylglycine	CHEBI:17201	CHEBI	glycylglycine	chebi_exact	chebi_nodes.tsv	2025-11-25
goethite	CHEBI:192761	CHEBI	ferrihydrite	chebi_search	ols4_search	2025-11-25
Ground beef (fat free)		unmapped		unmapped		2025-11-25
Growth stimulating factors (see below)		unmapped		unmapped		2025-11-25
GS2 salt solution (see below)		unmapped		unmapped		2025-11-25
GYP-sodium acetate-mineral salts broth (see Medium No.68)		unmapped		unmapped		2025-11-25
H2 + CO2 (80% + 20%) gas mixture. Add 0.85 g NaHCO3 per liter and equilibrate the pH		unmapped		unmapped		2025-11-25
H20	CHEBI:52344	CHEBI	icosane-1,3-diol	chebi_search	ols4_search	2025-11-25
Thiamine HCl (Vitamin B1)	CHEBI:49105	CHEBI	thiamine hydrochloride	chebi_normalized	chebi_nodes.tsv	2025-11-25
Make up to		unmapped		unmapped		2025-11-25
H2O	CHEBI:15377	CHEBI	water	chebi_exact	chebi_nodes.tsv	2025-11-25
(1)	CHEBI:52569	CHEBI	1-(alk-1-enyl)glycerol	chebi_search	ols4_search	2025-11-25
per 1000 cm 3		unmapped		unmapped		2025-11-25
NaNO3	CHEBI:63005	CHEBI	sodium nitrate	pubchem_xref	pubchem_cid:24268	2025-11-25
TMS	CHEBI:85361	CHEBI	tetramethylsilane	chebi_exact	chebi_nodes.tsv	2025-11-25
H2O (deionized)	CHEBI:15377	CHEBI	water	chebi_normalized	chebi_nodes.tsv	2025-11-25
H2O bidest ad		unmapped		unmapped		2025-11-25
H2O demin. ad		unmapped		unmapped		2025-11-25
H2O dest		unmapped		unmapped		2025-11-25
H2O dest.		unmapped		unmapped		2025-11-25
H2SeO3	CHEBI:48843	CHEBI	disodium selenite	chebi_search	ols4_search	2025-11-25
H2SeO3 (selenous acid)		unmapped		unmapped		2025-11-25
H2SO4	CHEBI:26836	CHEBI	sulfuric acid	chebi_exact	chebi_nodes.tsv	2025-11-25
H2SO4, 10 N		unmapped		unmapped		2025-11-25
H2SO4  (conc)	CHEBI:26836	CHEBI	sulfuric acid	chebi_normalized	chebi_nodes.tsv	2025-11-25
H2WO4	CHEBI:36272	CHEBI	tungstic acid	chebi_exact	chebi_nodes.tsv	2025-11-25
H3BO2	CHEBI:38267	CHEBI	boronic acid	chebi_search	ols4_search	2025-11-25
H3BO3	CHEBI:33118	CHEBI	boric acid	chebi_exact	chebi_nodes.tsv	2025-11-25
H3BO3 (0.1% w/v)	CHEBI:33118	CHEBI	boric acid	chebi_normalized	chebi_nodes.tsv	2025-11-25
H3BO3 (0.4M)	CHEBI:33118	CHEBI	boric acid	chebi_normalized	chebi_nodes.tsv	2025-11-25
H3BO4		unmapped		unmapped		2025-11-25
Haemin (0.5 mg/ml)	CHEBI:50385	CHEBI	hemin	chebi_normalized	chebi_nodes.tsv	2025-11-25
Haemin (dissolved in 0.5 ml 1 N NaOH)	CHEBI:50385	CHEBI	hemin	chebi_normalized	chebi_nodes.tsv	2025-11-25
Haemin solution		unmapped		unmapped		2025-11-25
Haemin solution (0.05% w/v)		unmapped		unmapped		2025-11-25
Haemin solution (see below)		unmapped		unmapped		2025-11-25
Haemin solution → for		unmapped		unmapped		2025-11-25
Hank's balanced salt solution (BSS, see below)		unmapped		unmapped		2025-11-25
Hank's BSS:		unmapped		unmapped		2025-11-25
HCl	CHEBI:17883	CHEBI	hydrogen chloride	chebi_exact	chebi_nodes.tsv	2025-11-25
HCl (25% v/ v)	CHEBI:17883	CHEBI	hydrogen chloride	chebi_normalized	chebi_nodes.tsv	2025-11-25
HCl (25%)	CHEBI:17883	CHEBI	hydrogen chloride	chebi_normalized	chebi_nodes.tsv	2025-11-25
HCl (25%, 7.7 M)	CHEBI:17883	CHEBI	hydrogen chloride	chebi_normalized	chebi_nodes.tsv	2025-11-25
HCl (25%, v/v)	CHEBI:17883	CHEBI	hydrogen chloride	chebi_normalized	chebi_nodes.tsv	2025-11-25
HCl (25%; 7.7 M)	CHEBI:17883	CHEBI	hydrogen chloride	chebi_normalized	chebi_nodes.tsv	2025-11-25
HCl (32%)	CHEBI:17883	CHEBI	hydrogen chloride	chebi_normalized	chebi_nodes.tsv	2025-11-25
HCl (conc.)	CHEBI:17883	CHEBI	hydrogen chloride	chebi_normalized	chebi_nodes.tsv	2025-11-25
HCl (concentrated)	CHEBI:17883	CHEBI	hydrogen chloride	chebi_normalized	chebi_nodes.tsv	2025-11-25
HCl, 0.05 molar		unmapped		unmapped		2025-11-25
HCl, prior to autoclaving. Autoclave at 15 psi for 15 minutes.		unmapped		unmapped		2025-11-25
HCl.	CHEBI:74758	CHEBI	aclacinomycin T hydrochloride	chebi_search	ols4_search	2025-11-25
Heart infusion broth (BD-Difco)		unmapped		unmapped		2025-11-25
Hemicalcium D-(+)- pantothenate		unmapped		unmapped		2025-11-25
Hemin	CHEBI:50385	CHEBI	hemin	chebi_exact	chebi_nodes.tsv	2025-11-25
Hemin (0.1% in 0.05 N NaOH)	CHEBI:50385	CHEBI	hemin	chebi_normalized	chebi_nodes.tsv	2025-11-25
Hemin (0.1% in 0.05N NaOH)	CHEBI:50385	CHEBI	hemin	chebi_normalized	chebi_nodes.tsv	2025-11-25
Hemin (dissolved separately in 10 mM NaOH)	CHEBI:50385	CHEBI	hemin	chebi_normalized	chebi_nodes.tsv	2025-11-25
Hemin chloride	CHEBI:50385	CHEBI	hemin	chebi_exact	chebi_nodes.tsv	2025-11-25
Hemin solution		unmapped		unmapped		2025-11-25
Hemin solution (see below)		unmapped		unmapped		2025-11-25
Hemin solution (see Medium No.469)		unmapped		unmapped		2025-11-25
Hemin solution → Adjust volume to		unmapped		unmapped		2025-11-25
HEPES	CHEBI:42334	CHEBI	2-[4-(2-hydroxyethyl)piperazin-1-yl]ethanesulfonic acid	chebi_exact	chebi_nodes.tsv	2025-11-25
HEPES (1 M, pH 7.0)	CHEBI:42334	CHEBI	2-[4-(2-hydroxyethyl)piperazin-1-yl]ethanesulfonic acid	chebi_normalized	chebi_nodes.tsv	2025-11-25
HEPES (10 mM final concentration)	CHEBI:42334	CHEBI	2-[4-(2-hydroxyethyl)piperazin-1-yl]ethanesulfonic acid	chebi_normalized	chebi_nodes.tsv	2025-11-25
HEPES (10M)	CHEBI:42334	CHEBI	2-[4-(2-hydroxyethyl)piperazin-1-yl]ethanesulfonic acid	chebi_normalized	chebi_nodes.tsv	2025-11-25
HEPES (10mM)	CHEBI:42334	CHEBI	2-[4-(2-hydroxyethyl)piperazin-1-yl]ethanesulfonic acid	chebi_normalized	chebi_nodes.tsv	2025-11-25
HEPES (free acid)	CHEBI:42334	CHEBI	2-[4-(2-hydroxyethyl)piperazin-1-yl]ethanesulfonic acid	chebi_normalized	chebi_nodes.tsv	2025-11-25
HEPES (SIGMA)	CHEBI:42334	CHEBI	2-[4-(2-hydroxyethyl)piperazin-1-yl]ethanesulfonic acid	chebi_normalized	chebi_nodes.tsv	2025-11-25
HEPES buffer (1 M, pH 8.0)		unmapped		unmapped		2025-11-25
HEPES buffer (acid) (SIGMA H3375)		unmapped		unmapped		2025-11-25
HEPES buffer (SIGMA)		unmapped		unmapped		2025-11-25
HEPES buffer solution (see below)		unmapped		unmapped		2025-11-25
HEPES solution (see below)		unmapped		unmapped		2025-11-25
HEPES solution (see Medium No.1004)		unmapped		unmapped		2025-11-25
Heptadecane	CHEBI:16148	CHEBI	heptadecane	chebi_exact	chebi_nodes.tsv	2025-11-25
Hexachlorocyclo-hexane (Lindane)		unmapped		unmapped		2025-11-25
Hexadecane	CHEBI:45296	CHEBI	hexadecane	chebi_exact	chebi_nodes.tsv	2025-11-25
Hipolypepton		unmapped		unmapped		2025-11-25
Hipolypepton (FUJIFILM Wako)		unmapped		unmapped		2025-11-25
Histidine	CHEBI:15971	CHEBI	L-histidine	chebi_exact	chebi_nodes.tsv	2025-11-25
Ho-le trace element solution (see below)		unmapped		unmapped		2025-11-25
Horikoshi-I medium (see Medium No.181)		unmapped		unmapped		2025-11-25
Horse blood		unmapped		unmapped		2025-11-25
Horse serum (inactivated, INVITROGEN)		unmapped		unmapped		2025-11-25
hour.	CHEBI:79042	CHEBI	tasimelteon	chebi_search	ols4_search	2025-11-25
Hunter's basal salts (see below)		unmapped		unmapped		2025-11-25
Hutner's basal salts (see below)		unmapped		unmapped		2025-11-25
Hutner's vitamin free mineral base (see below)		unmapped		unmapped		2025-11-25
Hutner`s Basal Salts Solution (see below)		unmapped		unmapped		2025-11-25
Hy-Case Amino (Sigma)		unmapped		unmapped		2025-11-25
If required, Agar-agar		unmapped		unmapped		2025-11-25
If solid media is required add agar to a final concentration of		unmapped		unmapped		2025-11-25
Incubate in oxygen-free, 5 - 10% CO2 containing atmosphere.		unmapped		unmapped		2025-11-25
Incubate at room temperature for 3 days to check sterility prior to use.		unmapped		unmapped		2025-11-25
Indigocarmine	CHEBI:31695	CHEBI	indigo carmine	chebi_exact	chebi_nodes.tsv	2025-11-25
Inoculate with c. 20 ml of grains of "ginger beer plant".		unmapped		unmapped		2025-11-25
Inorganic salt solution (see below)		unmapped		unmapped		2025-11-25
Inorganic salts-starch agar (ISP-4) (see Medium No.58)		unmapped		unmapped		2025-11-25
Inosin (5 mM)	CHEBI:17596	CHEBI	inosine	chebi_normalized	chebi_nodes.tsv	2025-11-25
Inositol	CHEBI:17268	CHEBI	myo-inositol	chebi_exact	chebi_nodes.tsv	2025-11-25
Instead of chlorate, nitrate at a final concentration of 0.85 g/l may be used as electron		unmapped		unmapped		2025-11-25
Into 950 ml of deionised water, dissolve the thiamine HCl and add 1 ml of the primary		unmapped		unmapped		2025-11-25
invertebrates  and  roots.    It  should  be  turned  periodically  and  picked  over  again.		unmapped		unmapped		2025-11-25
invertebrates and roots.  It  should be turned periodically and picked over again.		unmapped		unmapped		2025-11-25
Iron (III) citrate Solution (1g/l)		unmapped		unmapped		2025-11-25
Iron (powder, 20 - 60 mesh, Nacalai)	CHEBI:17627	CHEBI	ferroheme b	chebi_normalized	chebi_nodes.tsv	2025-11-25
Iron citrate solution (see below)		unmapped		unmapped		2025-11-25
Iron powder (or nails)	CHEBI:82664	CHEBI	iron(0)	chebi_normalized	chebi_nodes.tsv	2025-11-25
Iron stock solution (see below)		unmapped		unmapped		2025-11-25
Iron(III) citrate	CHEBI:144421	CHEBI	iron(III) citrate	chebi_exact	chebi_nodes.tsv	2025-11-25
Iron(III) citrate solution (see below)		unmapped		unmapped		2025-11-25
Iron(III) citrate solution (see Medium No.1014)		unmapped		unmapped		2025-11-25
Iron(III)citrate solution (see Medium No.1014)		unmapped		unmapped		2025-11-25
iso-Butyric acid	CHEBI:16135	CHEBI	isobutyric acid	chebi_exact	chebi_nodes.tsv	2025-11-25
iso-Valeric acid	CHEBI:28484	CHEBI	isovaleric acid	pubchem_xref	pubchem_cid:10430	2025-11-25
Isobutyric acid	CHEBI:16135	CHEBI	isobutyric acid	chebi_exact	chebi_nodes.tsv	2025-11-25
Isovaleric acid	CHEBI:28484	CHEBI	isovaleric acid	chebi_exact	chebi_nodes.tsv	2025-11-25
Isovitalex	ingredient:isovitalex	ingredient	Commercial vitamin and supplement enrichment for fastidious bacteria	microbio_products	curated	2025-11-25
It is recommended to cultivate strain DSM 17993 on agar plates which may be prepared		unmapped		unmapped		2025-11-25
K 2HPO4		unmapped		unmapped		2025-11-25
K Medium		unmapped		unmapped		2025-11-25
K minimum		unmapped		unmapped		2025-11-25
K-acetate	CHEBI:32029	CHEBI	potassium acetate	chebi_search	ols4_search	2025-11-25
K-phosphate buffer (0.5 M, pH 7.0)		unmapped		unmapped		2025-11-25
K2CO3	CHEBI:131526	CHEBI	potassium carbonate	chebi_exact	chebi_nodes.tsv	2025-11-25
K2CrO4		unmapped		unmapped		2025-11-25
K2HPO4	CHEBI:131527	CHEBI	dipotassium hydrogen phosphate	chebi_exact	chebi_nodes.tsv	2025-11-25
K2HPO4 (0.1% w/v)	CHEBI:131527	CHEBI	dipotassium hydrogen phosphate	chebi_normalized	chebi_nodes.tsv	2025-11-25
K2HPO4 (anhydrous basis)	CHEBI:131527	CHEBI	dipotassium hydrogen phosphate	chebi_normalized	chebi_nodes.tsv	2025-11-25
K2HPO4 (anhydrous)	CHEBI:131527	CHEBI	dipotassium hydrogen phosphate	chebi_normalized	chebi_nodes.tsv	2025-11-25
K2HPO4 (autoclaved separately)	CHEBI:131527	CHEBI	dipotassium hydrogen phosphate	chebi_normalized	chebi_nodes.tsv	2025-11-25
K2HPO4 x 3 H2O	CHEBI:131527	CHEBI	dipotassium hydrogen phosphate	chebi_normalized	chebi_nodes.tsv	2025-11-25
K2HPO4 x 3 H2O (0.1% w/v)	CHEBI:131527	CHEBI	dipotassium hydrogen phosphate	chebi_normalized	chebi_nodes.tsv	2025-11-25
K2HPO4 x 3 H2O (8.0 g/l stock solution)	CHEBI:131527	CHEBI	dipotassium hydrogen phosphate	chebi_normalized	chebi_nodes.tsv	2025-11-25
K2HPO4 x 3H2O	CHEBI:131527	CHEBI	dipotassium hydrogen phosphate	chebi_normalized	chebi_nodes.tsv	2025-11-25
K2HPO4 x3 H2O	CHEBI:131527	CHEBI	dipotassium hydrogen phosphate	chebi_normalized	chebi_nodes.tsv	2025-11-25
K2HPO4solution (609 mM)		unmapped		unmapped		2025-11-25
K2HPO4·3H2O	CHEBI:131527	CHEBI	dipotassium hydrogen phosphate	chebi_normalized	chebi_nodes.tsv	2025-11-25
K2HSO4		unmapped		unmapped		2025-11-25
K2S4O6		unmapped		unmapped		2025-11-25
K2SO4	CHEBI:32036	CHEBI	potassium sulfate	chebi_exact	chebi_nodes.tsv	2025-11-25
K2SO4·7H2O	CHEBI:32036	CHEBI	potassium sulfate	chebi_normalized	chebi_nodes.tsv	2025-11-25
K35 Medium		unmapped		unmapped		2025-11-25
KAl(SO4)2 x 12 H2O		unmapped		unmapped		2025-11-25
KAl(SO4)2·12H2O		unmapped		unmapped		2025-11-25
Kao and Michayluk vitamin solution (Sigma-Aldrich)		unmapped		unmapped		2025-11-25
karaya gum		unmapped		unmapped		2025-11-25
KBr	CHEBI:32030	CHEBI	potassium bromide	chebi_exact	chebi_nodes.tsv	2025-11-25
KBr (0.84M)	CHEBI:32030	CHEBI	potassium bromide	chebi_normalized	chebi_nodes.tsv	2025-11-25
KCL	CHEBI:32588	CHEBI	potassium chloride	chebi_exact	chebi_nodes.tsv	2025-11-25
KCl (100 g/l)	CHEBI:32588	CHEBI	potassium chloride	chebi_normalized	chebi_nodes.tsv	2025-11-25
KCl (50 g/l stock solution)	CHEBI:32588	CHEBI	potassium chloride	chebi_normalized	chebi_nodes.tsv	2025-11-25
keratin		unmapped		unmapped		2025-11-25
ketoglutaric acid	CHEBI:30915	CHEBI	2-oxoglutaric acid	pubchem_xref	pubchem_cid:51	2025-11-25
NaOH	CHEBI:32145	CHEBI	sodium hydroxide	chebi_exact	chebi_nodes.tsv	2025-11-25
KF	CHEBI:73605	CHEBI	Lys-Phe	chebi_exact	chebi_nodes.tsv	2025-11-25
KH2HPO4		unmapped		unmapped		2025-11-25
KH2PO4	CHEBI:63036	CHEBI	potassium dihydrogen phosphate	pubchem_xref	pubchem_cid:516951	2025-11-25
(6)	CHEBI:134681	CHEBI	(E)-6-(methylsulfanyl)hexanal oxime	chebi_search	ols4_search	2025-11-25
KH2PO4 (0.04M)		unmapped		unmapped		2025-11-25
KH2PO4 (0.1% w/v)		unmapped		unmapped		2025-11-25
KH2PO4 (0.10% w/v)		unmapped		unmapped		2025-11-25
KH2PO4 (100 mM solution)		unmapped		unmapped		2025-11-25
KH2PO4 x 7 H2O		unmapped		unmapped		2025-11-25
KH2PO4(dissolve first, adjust pH to 7.0)		unmapped		unmapped		2025-11-25
KHCO3	CHEBI:81862	CHEBI	potassium hydrogencarbonate	chebi_exact	chebi_nodes.tsv	2025-11-25
KI	CHEBI:74559	CHEBI	Lys-Ile	chebi_exact	chebi_nodes.tsv	2025-11-25
KI (0.01% w/v)	CHEBI:138791	CHEBI	Asp-Lys-Ile	chebi_normalized	chebi_nodes.tsv	2025-11-25
KI (0.1% w/v)	CHEBI:138791	CHEBI	Asp-Lys-Ile	chebi_normalized	chebi_nodes.tsv	2025-11-25
KJ (1 mg/ml)		unmapped		unmapped		2025-11-25
KNO3	CHEBI:63043	CHEBI	potassium nitrate	pubchem_xref	pubchem_cid:24434	2025-11-25
KOH	CHEBI:32035	CHEBI	potassium hydroxide	chebi_exact	chebi_nodes.tsv	2025-11-25
KSCN	CHEBI:30951	CHEBI	potassium thiocyanate	chebi_exact	chebi_nodes.tsv	2025-11-25
L(+)-Tartaric acid	CHEBI:15671	CHEBI	L-tartaric acid	chebi_exact	chebi_nodes.tsv	2025-11-25
L-Alanine	CHEBI:16977	CHEBI	L-alanine	chebi_exact	chebi_nodes.tsv	2025-11-25
L-Arginine	CHEBI:16467	CHEBI	L-arginine	chebi_exact	chebi_nodes.tsv	2025-11-25
L-Arginine x HCI		unmapped		unmapped		2025-11-25
L-Arginine x HCl		unmapped		unmapped		2025-11-25
L-Ascorbic acid	CHEBI:29073	CHEBI	L-ascorbic acid	chebi_exact	chebi_nodes.tsv	2025-11-25
L-Asparagin	CHEBI:17196	CHEBI	L-asparagine	chebi_exact	chebi_nodes.tsv	2025-11-25
L-Asparagine	CHEBI:17196	CHEBI	L-asparagine	chebi_exact	chebi_nodes.tsv	2025-11-25
L-Aspartic acid	CHEBI:17053	CHEBI	L-aspartic acid	chebi_exact	chebi_nodes.tsv	2025-11-25
L-Cystein HCl		unmapped		unmapped		2025-11-25
L-Cysteine	CHEBI:17561	CHEBI	L-cysteine	chebi_exact	chebi_nodes.tsv	2025-11-25
L-cysteine HCl	CHEBI:91247	CHEBI	L-cysteine hydrochloride	chebi_normalized	chebi_nodes.tsv	2025-11-25
L-Cysteine HCl x H2O		unmapped		unmapped		2025-11-25
L-Cysteine x HCl		unmapped		unmapped		2025-11-25
L-Cysteine-HCl	CHEBI:91247	CHEBI	L-cysteine hydrochloride	chebi_search	ols4_search	2025-11-25
L-cysteine-HCl x H2O		unmapped		unmapped		2025-11-25
L-Cysteine·H2O·HCl		unmapped		unmapped		2025-11-25
L-cysteine·HCl·H2O		unmapped		unmapped		2025-11-25
L-Cysteine·HCl·H2O solution*		unmapped		unmapped		2025-11-25
L-Cysteiniumchloride		unmapped		unmapped		2025-11-25
L-Cystein·HCl·H2O		unmapped		unmapped		2025-11-25
L-Cystine	CHEBI:16283	CHEBI	L-cystine	chebi_exact	chebi_nodes.tsv	2025-11-25
L-Fucose	CHEBI:18287	CHEBI	L-fucose	chebi_exact	chebi_nodes.tsv	2025-11-25
L-Glutamic acid	CHEBI:16015	CHEBI	L-glutamic acid	chebi_exact	chebi_nodes.tsv	2025-11-25
L-Glutamine	CHEBI:18050	CHEBI	L-glutamine	chebi_exact	chebi_nodes.tsv	2025-11-25
L-Glutamine (200 mM; GIBCO)	CHEBI:17061	CHEBI	D-glutamine	chebi_normalized	chebi_nodes.tsv	2025-11-25
L-Glutathione (reduced)	CHEBI:177535	CHEBI	L-Glutathione (reduced)	chebi_exact	chebi_nodes.tsv	2025-11-25
L-Histidine	CHEBI:15971	CHEBI	L-histidine	chebi_exact	chebi_nodes.tsv	2025-11-25
L-Isoleucine	CHEBI:17191	CHEBI	L-isoleucine	chebi_exact	chebi_nodes.tsv	2025-11-25
L-Leucine	CHEBI:15603	CHEBI	L-leucine	chebi_exact	chebi_nodes.tsv	2025-11-25
L-Lysine	CHEBI:133538	CHEBI	L-lysine zwitterion	chebi_exact	chebi_nodes.tsv	2025-11-25
L-Lysine HCl	CHEBI:53558	CHEBI	D-lysine hydrochloride	chebi_normalized	chebi_nodes.tsv	2025-11-25
L-Methionine	CHEBI:16044	CHEBI	L-methionine residue	chebi_exact	chebi_nodes.tsv	2025-11-25
L-Methionine (1% w/v)	CHEBI:16044	CHEBI	L-methionine residue	chebi_normalized	chebi_nodes.tsv	2025-11-25
L-Ornithine HCl	CHEBI:195690	CHEBI	L-Ornithine monochlorohydrate/ornithine	pubchem_xref	pubchem_cid:76654	2025-11-25
L-Phenylalanine	CHEBI:17295	CHEBI	L-phenylalanine	chebi_exact	chebi_nodes.tsv	2025-11-25
L-Proline	CHEBI:17203	CHEBI	L-proline	chebi_exact	chebi_nodes.tsv	2025-11-25
L-Proline (20% w/v)	CHEBI:16313	CHEBI	D-proline	chebi_normalized	chebi_nodes.tsv	2025-11-25
L-Serine	CHEBI:17115	CHEBI	L-serine	chebi_exact	chebi_nodes.tsv	2025-11-25
L-Sodium lactate	CHEBI:75228	CHEBI	sodium lactate	chebi_normalized	chebi_nodes.tsv	2025-11-25
L-Threonine	CHEBI:16857	CHEBI	L-threonine	chebi_exact	chebi_nodes.tsv	2025-11-25
L-Tryptophan	CHEBI:16828	CHEBI	L-tryptophan	chebi_exact	chebi_nodes.tsv	2025-11-25
L-Tyrosine	CHEBI:17895	CHEBI	L-tyrosine	chebi_exact	chebi_nodes.tsv	2025-11-25
L-Valine	CHEBI:16414	CHEBI	L-valine	chebi_exact	chebi_nodes.tsv	2025-11-25
L. Provasoli; J. J. A. McLaughlin; M. R. Droop (1957). The development of artificial media for		unmapped		unmapped		2025-11-25
Lab Lemco powder (Oxoid)		unmapped		unmapped		2025-11-25
Lab-Lemco beef extract		unmapped		unmapped		2025-11-25
Lab-lemco meat extract (Oxoid)		unmapped		unmapped		2025-11-25
Lab-Lemco powder (Oxoid)		unmapped		unmapped		2025-11-25
Lactobacilli MRS broth (BD-Difco)		unmapped		unmapped		2025-11-25
Lactobacillus MRS broth (BD-Difco)		unmapped		unmapped		2025-11-25
Lactose	CHEBI:17716	CHEBI	lactose	chebi_exact	chebi_nodes.tsv	2025-11-25
LB broth powder		unmapped		unmapped		2025-11-25
LB Broth, Lennox (BD-Difco)		unmapped		unmapped		2025-11-25
Legionella agar enrichment (BD-Difco)		unmapped		unmapped		2025-11-25
Leibovitz's L-15 medium		unmapped		unmapped		2025-11-25
Leptospira Enrichment EMJH		unmapped		unmapped		2025-11-25
Li2B4O7		unmapped		unmapped		2025-11-25
LiCl	CHEBI:48607	CHEBI	lithium chloride	chebi_exact	chebi_nodes.tsv	2025-11-25
LiCl.H2O		unmapped		unmapped		2025-11-25
Limnol.) No. 203		unmapped		unmapped		2025-11-25
LIP-solution		unmapped		unmapped		2025-11-25
Lipoic acid	CHEBI:16494	CHEBI	lipoic acid	chebi_exact	chebi_nodes.tsv	2025-11-25
Liver Concentrate		unmapped		unmapped		2025-11-25
Liver digest (Oxoid LP0027) **		unmapped		unmapped		2025-11-25
Liver extract (see below)		unmapped		unmapped		2025-11-25
Liver extract (see Medium No.13)		unmapped		unmapped		2025-11-25
Liver extract concentrate (NBCo)		unmapped		unmapped		2025-11-25
Liver digest (Oxoid L27)		unmapped		unmapped		2025-11-25
M stock solution prepared and autoclaved under 100% N2 gas).		unmapped		unmapped		2025-11-25
Magnesium acetate	CHEBI:62964	CHEBI	magnesium acetate	chebi_exact	chebi_nodes.tsv	2025-11-25
magnesium chloride	CHEBI:6636	CHEBI	magnesium dichloride	chebi_exact	chebi_nodes.tsv	2025-11-25
magnesium sulfate	CHEBI:32599	CHEBI	magnesium sulfate	chebi_exact	chebi_nodes.tsv	2025-11-25
Maize extract		unmapped		unmapped		2025-11-25
Maize meal		unmapped		unmapped		2025-11-25
Major metals (see below)		unmapped		unmapped		2025-11-25
Major metals (see Medium No.923)		unmapped		unmapped		2025-11-25
Major salts		unmapped		unmapped		2025-11-25
Major salts solution (see below)		unmapped		unmapped		2025-11-25
make up to 1000.00 ml.		unmapped		unmapped		2025-11-25
Make up to a final volume of 1000.0 ml.		unmapped		unmapped		2025-11-25
Make up to  1 litre  with  distilled water  and  autoclave at 15  psi. Final  pH  should be		unmapped		unmapped		2025-11-25
Make up to 1 litre with deionized water and autoclave at 15 psi for 15 minutes.		unmapped		unmapped		2025-11-25
Make up to 1 litre with glass distilled or deionised water.		unmapped		unmapped		2025-11-25
Malate	CHEBI:15595	CHEBI	malate(2-)	chebi_exact	chebi_nodes.tsv	2025-11-25
Malic Acid	CHEBI:30797	CHEBI	(S)-malic acid	chebi_exact	chebi_nodes.tsv	2025-11-25
Malt extract	ingredient:malt_extract	ingredient	Extract from malted barley, rich in sugars and proteins	microbio_products	curated	2025-11-25
malt extract (BD)		unmapped		unmapped		2025-11-25
Malt extract (BD-Difco)		unmapped		unmapped		2025-11-25
Malt extract (Difco)		unmapped		unmapped		2025-11-25
Malt extract (food grade)		unmapped		unmapped		2025-11-25
Malt extract broth	ingredient:malt_extract	ingredient	Extract from malted barley, rich in sugars and proteins	microbio_products	curated	2025-11-25
Malt extract powder	ingredient:malt_extract	ingredient	Extract from malted barley, rich in sugars and proteins	microbio_products	curated	2025-11-25
Malted wheat meal		unmapped		unmapped		2025-11-25
Maltose	CHEBI:17306	CHEBI	maltose	chebi_exact	chebi_nodes.tsv	2025-11-25
Maltose monohydrate	CHEBI:233428	CHEBI	5-(N-ethyl-N-isopropyl) amiloride	pubchem_xref	pubchem_cid:23615261	2025-11-25
Malt extract		unmapped		unmapped		2025-11-25
Man Rogosa Sharp broth (MRS, Difco)		unmapped		unmapped		2025-11-25
Manganese Sulfate	CHEBI:86364	CHEBI	manganese(II) sulfate monohydrate	chebi_exact	chebi_nodes.tsv	2025-11-25
Mannitol	CHEBI:16899	CHEBI	D-mannitol	chebi_exact	chebi_nodes.tsv	2025-11-25
Marine agar 2216 (BD-Difco)		unmapped		unmapped		2025-11-25
Marine agar 2216 (see Medium No.118)		unmapped		unmapped		2025-11-25
Marine algae	CHEBI:47077	CHEBI	dibromomethane	chebi_search	ols4_search	2025-11-25
marine algae. , 25(4), 392–428. – adapted for CCAP		unmapped		unmapped		2025-11-25
Marine Broth (BD Difco)		unmapped		unmapped		2025-11-25
Marine broth (Becton Dickinson)		unmapped		unmapped		2025-11-25
Marine Broth (Difco)		unmapped		unmapped		2025-11-25
Marine Broth (i.e. Difco)		unmapped		unmapped		2025-11-25
Marine broth 2216 (BD-Difco)		unmapped		unmapped		2025-11-25
Marine diatoms		unmapped		unmapped		2025-11-25
Marine dinoflagellates	CHEBI:61275	CHEBI	ciguatoxin	chebi_search	ols4_search	2025-11-25
Marine medium/Synthetic seawater mix solution (see below)		unmapped		unmapped		2025-11-25
Marine protozoa		unmapped		unmapped		2025-11-25
Marine Salts 12% (see below)		unmapped		unmapped		2025-11-25
Marine trace elements (see below)		unmapped		unmapped		2025-11-25
Marine trace elements (see Medium No.216)		unmapped		unmapped		2025-11-25
Marine trace elements solution		unmapped		unmapped		2025-11-25
MASM (Modified Artificial Seawater Medium)		unmapped		unmapped		2025-11-25
May be stored at 4C in the dark		unmapped		unmapped		2025-11-25
MC (Modified Chang's Serum­Casein­Glucose­Yeast		unmapped		unmapped		2025-11-25
MC II (Modified Chang's Medium (MC))	CHEBI:140475	CHEBI	MC1568	chebi_search	ols4_search	2025-11-25
MCH (Modified Chalkley's Medium)	CHEBI:6804	CHEBI	methacholine	chebi_normalized	chebi_nodes.tsv	2025-11-25
MDS salt water (see below)		unmapped		unmapped		2025-11-25
MDS salt water (see Medium No.574)		unmapped		unmapped		2025-11-25
MDY­V (Modified DY­V Medium)		unmapped		unmapped		2025-11-25
Meat Extract	CHEBI:132852	CHEBI	Aqueous extract of meat tissue	microbio_products	curated	2025-11-25
Meat extract (Difco)		unmapped		unmapped		2025-11-25
Meat extract (OXOID)		unmapped		unmapped		2025-11-25
Meat peptone	CHEBI:8150	CHEBI	Enzymatic or acid digest of animal protein	microbio_products	curated	2025-11-25
Meat peptone (BD Bacto)		unmapped		unmapped		2025-11-25
Meat peptone (pepsin-digested)		unmapped		unmapped		2025-11-25
Media for maintenance of infected amoeba cultures		unmapped		unmapped		2025-11-25
Media may be solidified by adding 14.0 g/l agar.		unmapped		unmapped		2025-11-25
Media may be solidified by adding 15.0 g/l agar.		unmapped		unmapped		2025-11-25
Media Preparation Recipe Template		unmapped		unmapped		2025-11-25
Melibiose	CHEBI:28053	CHEBI	melibiose	chebi_exact	chebi_nodes.tsv	2025-11-25
MEM	CHEBI:53360	CHEBI	poly(ethylene glycol) methyl ether methacrylate	chebi_search	ols4_search	2025-11-25
MEM alpha Modification (BioWest)		unmapped		unmapped		2025-11-25
Menadione solution (see below)		unmapped		unmapped		2025-11-25
Menadione solution (see Medium No.469)		unmapped		unmapped		2025-11-25
Menadione solution(see Medium No.469)		unmapped		unmapped		2025-11-25
MeOH ( 20 mM)	CHEBI:17790	CHEBI	methanol	chebi_normalized	chebi_nodes.tsv	2025-11-25
MErds (Modified Føyns Erdschreiber Medium)		unmapped		unmapped		2025-11-25
MErds / MY75S		unmapped		unmapped		2025-11-25
MES	CHEBI:39005	CHEBI	2-(N-morpholino)ethanesulfonic acid	chebi_exact	chebi_nodes.tsv	2025-11-25
MES (10 mM final concentration)	CHEBI:39005	CHEBI	2-(N-morpholino)ethanesulfonic acid	chebi_normalized	chebi_nodes.tsv	2025-11-25
MES (2-[N-Morpholino]ethane sulfonic acid)	CHEBI:39005	CHEBI	2-(N-morpholino)ethanesulfonic acid	chebi_normalized	chebi_nodes.tsv	2025-11-25
MES (2-Morpholinoethanesulfonic acid)	CHEBI:39005	CHEBI	2-(N-morpholino)ethanesulfonic acid	chebi_normalized	chebi_nodes.tsv	2025-11-25
MES (MERCK)	CHEBI:39005	CHEBI	2-(N-morpholino)ethanesulfonic acid	chebi_normalized	chebi_nodes.tsv	2025-11-25
MES (SIGMA)	CHEBI:39005	CHEBI	2-(N-morpholino)ethanesulfonic acid	chebi_normalized	chebi_nodes.tsv	2025-11-25
MES [2-(N-morpholino) ethane sulfonic acid]		unmapped		unmapped		2025-11-25
MES acids		unmapped		unmapped		2025-11-25
MES buffer (Sigma)		unmapped		unmapped		2025-11-25
Metal mixture (see below)		unmapped		unmapped		2025-11-25
Metal solution (see below)		unmapped		unmapped		2025-11-25
Metals ''44'' (see below)		unmapped		unmapped		2025-11-25
Metals ''44'' (see Medium No.149)		unmapped		unmapped		2025-11-25
Methanol	CHEBI:17790	CHEBI	methanol	chebi_exact	chebi_nodes.tsv	2025-11-25
Methanol (15% v/v)	CHEBI:142766	CHEBI	6-hydroxymethyladenine	chebi_normalized	chebi_nodes.tsv	2025-11-25
Methanol (50% v/v)	CHEBI:142766	CHEBI	6-hydroxymethyladenine	chebi_normalized	chebi_nodes.tsv	2025-11-25
Methanol solution (see below)*		unmapped		unmapped		2025-11-25
Methanol-utilizing bacteria medium B (see Medium No.79)		unmapped		unmapped		2025-11-25
Methylamine	CHEBI:16830	CHEBI	methylamine	chebi_exact	chebi_nodes.tsv	2025-11-25
Methylamine (10-20 mM)	CHEBI:16830	CHEBI	methylamine	chebi_normalized	chebi_nodes.tsv	2025-11-25
Methylamine hydrochloride	CHEBI:59337	CHEBI	methylamine hydrochloride	chebi_exact	chebi_nodes.tsv	2025-11-25
Methylamine-HCl	CHEBI:55368	CHEBI	mechlorethamine hydrochloride	chebi_search	ols4_search	2025-11-25
Methylene blue	CHEBI:6872	CHEBI	methylene blue	chebi_exact	chebi_nodes.tsv	2025-11-25
Mg	CHEBI:25107	CHEBI	magnesium atom	chebi_exact	chebi_nodes.tsv	2025-11-25
Mg Dl	CHEBI:75565	CHEBI	rac-1-monolinoleoylglycerol	chebi_search	ols4_search	2025-11-25
Mg(NO3)2·6H2O	CHEBI:6637	CHEBI	magnesium dihydroxide	chebi_normalized	chebi_nodes.tsv	2025-11-25
Mg(SO4) x 7 H2O (350 g/l stock solution)	CHEBI:131379	CHEBI	2-[(9E,12E,15E)-octadecatrienoyl]glycerol	chebi_normalized	chebi_nodes.tsv	2025-11-25
Mg(SO4) x 7H2O	CHEBI:131379	CHEBI	2-[(9E,12E,15E)-octadecatrienoyl]glycerol	chebi_normalized	chebi_nodes.tsv	2025-11-25
Mg-citrate	CHEBI:131389	CHEBI	magnesium citrate	chebi_search	ols4_search	2025-11-25
Mg/Ca solution (see below)		unmapped		unmapped		2025-11-25
mg/l	CHEBI:62964	CHEBI	magnesium acetate	chebi_search	ols4_search	2025-11-25
Mg2SO4		unmapped		unmapped		2025-11-25
MgCl 2		unmapped		unmapped		2025-11-25
MgCl 2 (anhydrous)		unmapped		unmapped		2025-11-25
MgCl 2 x 6 H2O		unmapped		unmapped		2025-11-25
MgCl 2 x·6 H2O		unmapped		unmapped		2025-11-25
MgCl x 6 H2O		unmapped		unmapped		2025-11-25
MgCl x 6H2O		unmapped		unmapped		2025-11-25
MgCl x 7 H2O		unmapped		unmapped		2025-11-25
MgCl2	CHEBI:6636	CHEBI	magnesium dichloride	chebi_exact	chebi_nodes.tsv	2025-11-25
MgCl2  x 6 H2O	CHEBI:131394	CHEBI	magnesium dichloride dihydrate	chebi_normalized	chebi_nodes.tsv	2025-11-25
MgCl2  x 7 H2O	CHEBI:131394	CHEBI	magnesium dichloride dihydrate	chebi_normalized	chebi_nodes.tsv	2025-11-25
MgCl2  x 76 H2O	CHEBI:131394	CHEBI	magnesium dichloride dihydrate	chebi_normalized	chebi_nodes.tsv	2025-11-25
MgCl2 (anhydrous)	CHEBI:131394	CHEBI	magnesium dichloride dihydrate	chebi_normalized	chebi_nodes.tsv	2025-11-25
MgCl2 (dried)	CHEBI:131394	CHEBI	magnesium dichloride dihydrate	chebi_normalized	chebi_nodes.tsv	2025-11-25
MgCl2 x 2 H2O	CHEBI:131394	CHEBI	magnesium dichloride dihydrate	chebi_normalized	chebi_nodes.tsv	2025-11-25
MgCl2 x 6 H20		unmapped		unmapped		2025-11-25
MgCL2 x 6 H2O	CHEBI:131394	CHEBI	magnesium dichloride dihydrate	chebi_normalized	chebi_nodes.tsv	2025-11-25
MgCl2 x 6 H2O (200 g/l stock solution)	CHEBI:131394	CHEBI	magnesium dichloride dihydrate	chebi_normalized	chebi_nodes.tsv	2025-11-25
MgCl2 x 6H20		unmapped		unmapped		2025-11-25
MgCl2 x 6H2O	CHEBI:131394	CHEBI	magnesium dichloride dihydrate	chebi_normalized	chebi_nodes.tsv	2025-11-25
MgCl2 x 7 H2O	CHEBI:131394	CHEBI	magnesium dichloride dihydrate	chebi_normalized	chebi_nodes.tsv	2025-11-25
MgCl2.6H2O	CHEBI:86345	CHEBI	magnesium dichloride hexahydrate	chebi_exact	chebi_nodes.tsv	2025-11-25
MgCl2x 6 H2O	CHEBI:131394	CHEBI	magnesium dichloride dihydrate	chebi_normalized	chebi_nodes.tsv	2025-11-25
MgCl2x 6H2O	CHEBI:131394	CHEBI	magnesium dichloride dihydrate	chebi_normalized	chebi_nodes.tsv	2025-11-25
MgCl2x6H2O	CHEBI:131394	CHEBI	magnesium dichloride dihydrate	chebi_normalized	chebi_nodes.tsv	2025-11-25
MgCl2 x 6H2O	CHEBI:131394	CHEBI	magnesium dichloride dihydrate	chebi_normalized	chebi_nodes.tsv	2025-11-25
MgCl2·6H2O	CHEBI:131394	CHEBI	magnesium dichloride dihydrate	chebi_normalized	chebi_nodes.tsv	2025-11-25
MgSO 4 x 7 H2O		unmapped		unmapped		2025-11-25
MgSO x 7 H2O		unmapped		unmapped		2025-11-25
MgSO2 x 7 H2O		unmapped		unmapped		2025-11-25
MgSO4	CHEBI:32599	CHEBI	magnesium sulfate	chebi_exact	chebi_nodes.tsv	2025-11-25
MgSO4  x 7 H2O	CHEBI:31795	CHEBI	magnesium sulfate heptahydrate	chebi_normalized	chebi_nodes.tsv	2025-11-25
MgSO4 (1 M)	CHEBI:31795	CHEBI	magnesium sulfate heptahydrate	chebi_normalized	chebi_nodes.tsv	2025-11-25
MgSO4 x 6 H2O	CHEBI:31795	CHEBI	magnesium sulfate heptahydrate	chebi_normalized	chebi_nodes.tsv	2025-11-25
MgSO4 x 6H2O	CHEBI:31795	CHEBI	magnesium sulfate heptahydrate	chebi_normalized	chebi_nodes.tsv	2025-11-25
MgSO4 x 7 H20		unmapped		unmapped		2025-11-25
MgSo4 x 7 H2O	CHEBI:31795	CHEBI	magnesium sulfate heptahydrate	chebi_normalized	chebi_nodes.tsv	2025-11-25
MgSO4 x 7 H2O (0.1% w/v)	CHEBI:31795	CHEBI	magnesium sulfate heptahydrate	chebi_normalized	chebi_nodes.tsv	2025-11-25
MgSO4 x 7 H2O (100 mM)	CHEBI:31795	CHEBI	magnesium sulfate heptahydrate	chebi_normalized	chebi_nodes.tsv	2025-11-25
MgSO4 x 7 H2O solution (25%)		unmapped		unmapped		2025-11-25
MgSO4 x 7 H2O to 15.0 g).		unmapped		unmapped		2025-11-25
MgSO4 x 7H2O	CHEBI:31795	CHEBI	magnesium sulfate heptahydrate	chebi_normalized	chebi_nodes.tsv	2025-11-25
MgSO4 x7 H2O	CHEBI:31795	CHEBI	magnesium sulfate heptahydrate	chebi_normalized	chebi_nodes.tsv	2025-11-25
MgSO4.7H2O	CHEBI:31795	CHEBI	magnesium sulfate heptahydrate	chebi_exact	chebi_nodes.tsv	2025-11-25
MgSO47H2O		unmapped		unmapped		2025-11-25
MgSO4x7H2O	CHEBI:31795	CHEBI	magnesium sulfate heptahydrate	chebi_normalized	chebi_nodes.tsv	2025-11-25
MgSO4 x 7H2O	CHEBI:31795	CHEBI	magnesium sulfate heptahydrate	chebi_normalized	chebi_nodes.tsv	2025-11-25
MgSO4·7H2O	CHEBI:31795	CHEBI	magnesium sulfate heptahydrate	chebi_normalized	chebi_nodes.tsv	2025-11-25
MgSO4·H2O		unmapped		unmapped		2025-11-25
MHY Stock		unmapped		unmapped		2025-11-25
Microelement solution (see below)		unmapped		unmapped		2025-11-25
Micronutrient solution (SL7) (see below)		unmapped		unmapped		2025-11-25
Micronutrient solution (SL7) (see Medium No.533)		unmapped		unmapped		2025-11-25
Micronutrient solution SL7 (see below)		unmapped		unmapped		2025-11-25
Micronutrient solution SL7 (see Medium No.533)		unmapped		unmapped		2025-11-25
Micronutrient solution SL8 (see below)		unmapped		unmapped		2025-11-25
Middlebrook 7H10 agar (BD-Difco)		unmapped		unmapped		2025-11-25
Middlesex UB7 0ED, UK. Tel (01753) 685696 Fax (01753) 685437		unmapped		unmapped		2025-11-25
Middlesex UB7 0ED, UK. Tel (01753) 685696 Fax (01753) 685437		unmapped		unmapped		2025-11-25
MIN E – Base (10x)		unmapped		unmapped		2025-11-25
Minaeral Salts Solution:		unmapped		unmapped		2025-11-25
Mineral Base Solution:		unmapped		unmapped		2025-11-25
Mineral Base:	CHEBI:138103	CHEBI	inorganic acid	chebi_search	ols4_search	2025-11-25
Mineral salt sol. ("Hutner/Cohen-Bazire")		unmapped		unmapped		2025-11-25
Mineral salt solution		unmapped		unmapped		2025-11-25
Mineral salt solution (see below)		unmapped		unmapped		2025-11-25
Mineral salt solution (see Medium No.304)		unmapped		unmapped		2025-11-25
Mineral Salts Solution 1 (see above)		unmapped		unmapped		2025-11-25
Mineral Salts Solution A:		unmapped		unmapped		2025-11-25
Mineral Salts Solution B → NH4		unmapped		unmapped		2025-11-25
Mineral Salts Solution B:		unmapped		unmapped		2025-11-25
Mineral Salts Solution for liquid 23% MGM		unmapped		unmapped		2025-11-25
Mineral Salts Solution for liquid 23% MGM → adding		unmapped		unmapped		2025-11-25
Mineral Salts Solution for liquid 23% MGM → Mineral Salts for liquid		unmapped		unmapped		2025-11-25
Mineral Salts Solution for liquid 23% MGM → The medium may be solidified by adding		unmapped		unmapped		2025-11-25
Mineral Salts Solution for liquid 23% MGM → with		unmapped		unmapped		2025-11-25
Mineral Salts Solution for strain HTM55 → SO4		unmapped		unmapped		2025-11-25
Mineral Salts Solution for strain HTM55:		unmapped		unmapped		2025-11-25
Mineral Salts Solution for strain IT-4 and IT-9 → SO4		unmapped		unmapped		2025-11-25
Mineral Salts Solution for strain IT-4 and IT-9:		unmapped		unmapped		2025-11-25
Mineral Salts Solution MIN E:		unmapped		unmapped		2025-11-25
Mineral Salts Solution with Asparagin (L)		unmapped		unmapped		2025-11-25
Mineral Salts Solution with Asparagin (L) → adding		unmapped		unmapped		2025-11-25
Mineral Salts Solution with Asparagin (L) → The medium may be solidified by adding		unmapped		unmapped		2025-11-25
Mineral Salts Solution:		unmapped		unmapped		2025-11-25
Mineral solution		unmapped		unmapped		2025-11-25
Mineral solution (see below)		unmapped		unmapped		2025-11-25
Mineral solution (see Medium No.976		unmapped		unmapped		2025-11-25
Mineral solution (see Medium No.976)		unmapped		unmapped		2025-11-25
Mineral solution 1		unmapped		unmapped		2025-11-25
Mineral solution 1 (see below)		unmapped		unmapped		2025-11-25
Mineral solution 2		unmapped		unmapped		2025-11-25
Mineral solution 2 (see below)		unmapped		unmapped		2025-11-25
Mineral solution 2 → NH4		unmapped		unmapped		2025-11-25
Mineral solution 2xW		unmapped		unmapped		2025-11-25
Mineral solution I (see below)		unmapped		unmapped		2025-11-25
Mineral solution II (see below)		unmapped		unmapped		2025-11-25
Minerals solution		unmapped		unmapped		2025-11-25
Minerals solution → NH4		unmapped		unmapped		2025-11-25
Mineralsolution 1		unmapped		unmapped		2025-11-25
Mineralsolution 1 (see below)		unmapped		unmapped		2025-11-25
Minor salts		unmapped		unmapped		2025-11-25
Mix	CHEBI:50729	CHEBI	mitoxantrone	pubchem_xref	pubchem_cid:4212	2025-11-25
Mix ingredients vitamin B12, vitamin mixture, bicarbonate solution and neutralized sulfide		unmapped		unmapped		2025-11-25
Mix solution D, C and E in the cotton-stoppered Erlenmeyer flask. Bubble with CO2 in an		unmapped		unmapped		2025-11-25
Mix solution D, C and E. Bubble with CO2 in an ice bath under sterile conditions.		unmapped		unmapped		2025-11-25
Mix  the  above  constituents  and  autoclave  at  15  psi  for  15  minutes.    It  may  be		unmapped		unmapped		2025-11-25
MJ synthetic seawater (see below)		unmapped		unmapped		2025-11-25
MJ(-N) synthetic seawater		unmapped		unmapped		2025-11-25
MJ(-N) synthetic seawater (see below)		unmapped		unmapped		2025-11-25
MJ(-N) synthetic seawater (see Medium No.268)		unmapped		unmapped		2025-11-25
Nitrophenol Solution To		unmapped		unmapped		2025-11-25
ml After autoclaving the mineral base add the glucose at final concentration of		unmapped		unmapped		2025-11-25
Ml Of	CHEBI:39027	CHEBI	very-low-density lipoprotein	chebi_search	ols4_search	2025-11-25
This Stock Solution To		unmapped		unmapped		2025-11-25
Ml Of The Pcp Solution To		unmapped		unmapped		2025-11-25
Ml Of This Stock Solution To		unmapped		unmapped		2025-11-25
Mm Bicarbonate		unmapped		unmapped		2025-11-25
Mn(II)·EDTA		unmapped		unmapped		2025-11-25
MnCl	CHEBI:180693	CHEBI	EUK-8	chebi_normalized	chebi_nodes.tsv	2025-11-25
MnCl 2 x 4 H2O		unmapped		unmapped		2025-11-25
MnCl2	CHEBI:63041	CHEBI	manganese(II) chloride	pubchem_xref	pubchem_cid:24480	2025-11-25
MnCl2 solution see below		unmapped		unmapped		2025-11-25
MnCl2 solution:		unmapped		unmapped		2025-11-25
MnCl2 x 2 H2O		unmapped		unmapped		2025-11-25
MnCl2 x 4 H2O		unmapped		unmapped		2025-11-25
MnCl2 x 4 H2O (0.1% w/v)		unmapped		unmapped		2025-11-25
MnCl2 x 4 H2O (0.36 g/l)		unmapped		unmapped		2025-11-25
MnCl2 x 4H2O		unmapped		unmapped		2025-11-25
MnCl2*4 H2O		unmapped		unmapped		2025-11-25
MnCl2*4H2O		unmapped		unmapped		2025-11-25
MnCl2.4H2O		unmapped		unmapped		2025-11-25
MnCl2solution (see below)		unmapped		unmapped		2025-11-25
MnCl2·4H2O		unmapped		unmapped		2025-11-25
MnCl2·4H2O (5.0 g/L in 0.01 N H2SO4)		unmapped		unmapped		2025-11-25
MnCl2·6H2O		unmapped		unmapped		2025-11-25
MnCl4·4H2O		unmapped		unmapped		2025-11-25
MnSO4	CHEBI:86360	CHEBI	manganese(II) sulfate	chebi_exact	chebi_nodes.tsv	2025-11-25
MnSO4 x 1 H2O	CHEBI:131523	CHEBI	manganese(II) sulfate hexahydrate	chebi_normalized	chebi_nodes.tsv	2025-11-25
MnSO4 x 2 H2O	CHEBI:131523	CHEBI	manganese(II) sulfate hexahydrate	chebi_normalized	chebi_nodes.tsv	2025-11-25
MnSO4 x 2 H2O (0.1% w/v)	CHEBI:131523	CHEBI	manganese(II) sulfate hexahydrate	chebi_normalized	chebi_nodes.tsv	2025-11-25
MnSO4 x 2 H2O (1% solution)	CHEBI:131523	CHEBI	manganese(II) sulfate hexahydrate	chebi_normalized	chebi_nodes.tsv	2025-11-25
MnSO4 x 4 H2O	CHEBI:131523	CHEBI	manganese(II) sulfate hexahydrate	chebi_normalized	chebi_nodes.tsv	2025-11-25
MnSO4 x 5 H2O	CHEBI:131523	CHEBI	manganese(II) sulfate hexahydrate	chebi_normalized	chebi_nodes.tsv	2025-11-25
MnSO4 x 6 H2O	CHEBI:131523	CHEBI	manganese(II) sulfate hexahydrate	chebi_normalized	chebi_nodes.tsv	2025-11-25
MnSO4 x 7 H2O	CHEBI:131523	CHEBI	manganese(II) sulfate hexahydrate	chebi_normalized	chebi_nodes.tsv	2025-11-25
MnSO4 x 7H2O	CHEBI:131523	CHEBI	manganese(II) sulfate hexahydrate	chebi_normalized	chebi_nodes.tsv	2025-11-25
MnSO4 x H20		unmapped		unmapped		2025-11-25
MnSO4 x H2O		unmapped		unmapped		2025-11-25
MnSO4 x X H2O		unmapped		unmapped		2025-11-25
MnSO4.4H2O	CHEBI:86358	CHEBI	manganese(II) sulfate tetrahydrate	chebi_exact	chebi_nodes.tsv	2025-11-25
MnSO4·5H2O	CHEBI:131523	CHEBI	manganese(II) sulfate hexahydrate	chebi_normalized	chebi_nodes.tsv	2025-11-25
MnSO4·xH2O		unmapped		unmapped		2025-11-25
Modifications of the solutions given below:		unmapped		unmapped		2025-11-25
Modified Allen's trace metal solution (see below)		unmapped		unmapped		2025-11-25
Modified Allen's trace metal solution(see Medium No.1014)		unmapped		unmapped		2025-11-25
Modified Brock's salt base solution (see below)		unmapped		unmapped		2025-11-25
Modified Brock's salt base solution (see Medium No.165)		unmapped		unmapped		2025-11-25
Modified Brock's salt base solution → NH4		unmapped		unmapped		2025-11-25
Modified Hutner's basal salts (see below)		unmapped		unmapped		2025-11-25
Modified Hutner's basal salts (see Medium No.900)		unmapped		unmapped		2025-11-25
Modified Hutner`s Basal Salts Solution (see below)		unmapped		unmapped		2025-11-25
Modified Hutner`s Basal Salts Solution → before bringing the volume to		unmapped		unmapped		2025-11-25
Modified Hutner`s Basal Salts Solution:		unmapped		unmapped		2025-11-25
Modified MJ synthetic sea water (see below)		unmapped		unmapped		2025-11-25
Modified MJ synthetic seawater (see below)		unmapped		unmapped		2025-11-25
Modified MJ synthetic seawater (see Medium No.492)		unmapped		unmapped		2025-11-25
Modified MJ synthetic seawater B (see below)		unmapped		unmapped		2025-11-25
Modified MJ synthetic seawater B (see Medium No.892)		unmapped		unmapped		2025-11-25
Modified MJ synthetic seawater C		unmapped		unmapped		2025-11-25
Modified MJ synthetic seawater C (see below)		unmapped		unmapped		2025-11-25
Modified SL-4 trace element solution (see below)		unmapped		unmapped		2025-11-25
Modified trace element mixture (see below)		unmapped		unmapped		2025-11-25
Modified trace element mixture (see Medium No.1004)		unmapped		unmapped		2025-11-25
Modified trace element solution SL-12 (see below)		unmapped		unmapped		2025-11-25
Modified trace vitamins (see below)		unmapped		unmapped		2025-11-25
Modified UBS solution (see below)		unmapped		unmapped		2025-11-25
Modified UBS solution (see Medium No.860)		unmapped		unmapped		2025-11-25
Modified Wolfe's mineral solution (see below)		unmapped		unmapped		2025-11-25
Modified Wolfe's mineral solution (see Medium No.915)		unmapped		unmapped		2025-11-25
Modified Wolfe's mineral solution → and		unmapped		unmapped		2025-11-25
Modified Wolfe's minerals (10 x, see below)		unmapped		unmapped		2025-11-25
Modified Wolfe's solution (see below)		unmapped		unmapped		2025-11-25
Modified Wolfe's solution (see Medium No.628)		unmapped		unmapped		2025-11-25
Modified Wolin's mineral solution		unmapped		unmapped		2025-11-25
Modified Wolin's mineral solution → SO4		unmapped		unmapped		2025-11-25
Monopotassium Phosphate	CHEBI:63036	CHEBI	potassium dihydrogen phosphate	chebi_exact	chebi_nodes.tsv	2025-11-25
Monosodium glutamate	CHEBI:64220	CHEBI	monosodium glutamate	chebi_exact	chebi_nodes.tsv	2025-11-25
MoO3	CHEBI:30627	CHEBI	molybdenum trioxide	chebi_exact	chebi_nodes.tsv	2025-11-25
MOPS	CHEBI:39074	CHEBI	MOPS	chebi_exact	chebi_nodes.tsv	2025-11-25
MOPS (3-(N-morpholino) propane-sulfonic acid)	CHEBI:44115	CHEBI	3-(N-morpholino)propanesulfonic acid	chebi_search	ols4_search	2025-11-25
MOPS (SIGMA M1254)	CHEBI:39074	CHEBI	MOPS	chebi_normalized	chebi_nodes.tsv	2025-11-25
MOPS (SIGMA)	CHEBI:39074	CHEBI	MOPS	chebi_normalized	chebi_nodes.tsv	2025-11-25
MOPS buffer	CHEBI:44115	CHEBI	3-(N-morpholino)propanesulfonic acid	chebi_search	ols4_search	2025-11-25
MOPS buffer (SIGMA M3183)		unmapped		unmapped		2025-11-25
MOPS buffer (SIGMA)		unmapped		unmapped		2025-11-25
MRS medium (see Medium No.1)		unmapped		unmapped		2025-11-25
MS Buffer (see below)		unmapped		unmapped		2025-11-25
Mueller Hinton II agar (BD-BBL)		unmapped		unmapped		2025-11-25
Mueller-Hinton broth		unmapped		unmapped		2025-11-25
MWC (Modified WC Medium)		unmapped		unmapped		2025-11-25
MY75S (Malt & Yeast Extract - 75% Seawater Agar)		unmapped		unmapped		2025-11-25
myo-Inositol	CHEBI:17268	CHEBI	myo-inositol	chebi_exact	chebi_nodes.tsv	2025-11-25
N-Acetyl Glucosamine	CHEBI:17411	CHEBI	aldehydo-N-acetyl-D-glucosamine	pubchem_xref	pubchem_cid:1738118	2025-11-25
N-Acetyl-D-glucosamine	CHEBI:17411	CHEBI	aldehydo-N-acetyl-D-glucosamine	chebi_exact	chebi_nodes.tsv	2025-11-25
N-Acetyl-D-glucosamine (Sigma)	CHEBI:17411	CHEBI	aldehydo-N-acetyl-D-glucosamine	chebi_normalized	chebi_nodes.tsv	2025-11-25
N-acetylglucosamin- and pyruvate solution		unmapped		unmapped		2025-11-25
N-Acetylglucosamine	CHEBI:28009	CHEBI	N-acetyl-beta-D-glucosamine	chebi_exact	chebi_nodes.tsv	2025-11-25
N-Acetylglucosamine (10% stock solution)	CHEBI:28009	CHEBI	N-acetyl-beta-D-glucosamine	chebi_normalized	chebi_nodes.tsv	2025-11-25
N-Acetylglucosamine (20g/L stock solution)	CHEBI:28009	CHEBI	N-acetyl-beta-D-glucosamine	chebi_normalized	chebi_nodes.tsv	2025-11-25
n-Butyric acid	CHEBI:30772	CHEBI	butyric acid	chebi_exact	chebi_nodes.tsv	2025-11-25
n-Decane	CHEBI:41808	CHEBI	decane	chebi_exact	chebi_nodes.tsv	2025-11-25
N-methylhydantoin (SIGMA)	CHEBI:16354	CHEBI	N-methylhydantoin	chebi_normalized	chebi_nodes.tsv	2025-11-25
n-Valeric acid	CHEBI:17418	CHEBI	valeric acid	chebi_exact	chebi_nodes.tsv	2025-11-25
N-Z amine A (enzymatic digest of casein)		unmapped		unmapped		2025-11-25
N-Z Amine, type A (Sheffield)		unmapped		unmapped		2025-11-25
N-Z-Amine	CHEBI:167624	CHEBI	cis-bisulepin	chebi_search	ols4_search	2025-11-25
N-Z-Case (Wako)		unmapped		unmapped		2025-11-25
N75S (New Cereal Leaf­75% Seawater)		unmapped		unmapped		2025-11-25
Na -ascorbate	CHEBI:26708	CHEBI	sodium atom	chebi_search	ols4_search	2025-11-25
Na Acetate	CHEBI:32954	CHEBI	sodium acetate	chebi_search	ols4_search	2025-11-25
Na acetate x 3 H2O		unmapped		unmapped		2025-11-25
Na benzoate solution (see below)		unmapped		unmapped		2025-11-25
Na gluconate	CHEBI:84997	CHEBI	sodium gluconate	chebi_search	ols4_search	2025-11-25
Na glutamate (Sigma)		unmapped		unmapped		2025-11-25
Na malate	CHEBI:91261	CHEBI	disodium (S)-malate	chebi_search	ols4_search	2025-11-25
Na NO3	CHEBI:63005	CHEBI	sodium nitrate	chebi_search	ols4_search	2025-11-25
Na pyruvate		unmapped		unmapped		2025-11-25
Na Succinate	CHEBI:63675	CHEBI	sodium succinate (anhydrous)	chebi_search	ols4_search	2025-11-25
Na-(DL)-lactate		unmapped		unmapped		2025-11-25
Na-(L)-lactate	CHEBI:89308	CHEBI	Gamma-Aminobutyryl-lysine	chebi_search	ols4_search	2025-11-25
Na-3-hydroxybutyrate	CHEBI:113373	CHEBI	sodium 3-hydroxybutyrate	chebi_search	ols4_search	2025-11-25
Na-Acetat		unmapped		unmapped		2025-11-25
Na-Acetate	CHEBI:32954	CHEBI	sodium acetate	chebi_search	ols4_search	2025-11-25
Na-acetate (optional)		unmapped		unmapped		2025-11-25
Na-acetate x 3 H2O		unmapped		unmapped		2025-11-25
Na-ampicillin	CHEBI:34535	CHEBI	ampicillin sodium	chebi_search	ols4_search	2025-11-25
Na-ampicillin (may be omitted for pure cultures)		unmapped		unmapped		2025-11-25
Na-ascorbate	CHEBI:113451	CHEBI	sodium ascorbate	chebi_search	ols4_search	2025-11-25
Na-Ascorbate solution		unmapped		unmapped		2025-11-25
Na-aspartate		unmapped		unmapped		2025-11-25
Na-benzoate	CHEBI:32140	CHEBI	sodium caffeine benzoate	chebi_search	ols4_search	2025-11-25
Na-butyrate	CHEBI:64103	CHEBI	sodium butyrate	chebi_search	ols4_search	2025-11-25
Na-caproate	CHEBI:114126	CHEBI	sodium hexanoate	chebi_search	ols4_search	2025-11-25
Na-caseinate		unmapped		unmapped		2025-11-25
Na-citrate	CHEBI:32142	CHEBI	sodium citrate dihydrate	chebi_search	ols4_search	2025-11-25
Na-crotonate		unmapped		unmapped		2025-11-25
Na-crotonate solution (1 M)		unmapped		unmapped		2025-11-25
Na-crotonate solution (1 M) → around		unmapped		unmapped		2025-11-25
Na-crotonate solution (1 M) → crotonic acid		unmapped		unmapped		2025-11-25
Na-crotonate solution (1 M) → Sterilize by filtration under		unmapped		unmapped		2025-11-25
Na-dithionite solution (5% w/v)		unmapped		unmapped		2025-11-25
Na-dithionite solution (5% w/v) → N NaOH to distilled and make the anoxic by sparging with		unmapped		unmapped		2025-11-25
Na-DL-lactate		unmapped		unmapped		2025-11-25
Na-DL-malate		unmapped		unmapped		2025-11-25
Na-EDTA	CHEBI:64734	CHEBI	EDTA disodium salt (anhydrous)	chebi_search	ols4_search	2025-11-25
Na-EDTA x 2 H2O		unmapped		unmapped		2025-11-25
Na-formate		unmapped		unmapped		2025-11-25
Na-formate (6% (w/v))		unmapped		unmapped		2025-11-25
Na-fumarate	CHEBI:115087	CHEBI	monosodium fumarate	chebi_search	ols4_search	2025-11-25
Na-fumarate (6% (w/v))	CHEBI:115087	CHEBI	monosodium fumarate	chebi_search	ols4_search	2025-11-25
Na-gallate		unmapped		unmapped		2025-11-25
Na-gluconate	CHEBI:84997	CHEBI	sodium gluconate	chebi_search	ols4_search	2025-11-25
Na-glutamate	CHEBI:64243	CHEBI	monosodium L-glutamate	chebi_search	ols4_search	2025-11-25
Na-glycerol phosphate	CHEBI:132089	CHEBI	sodium glycerol 2-phosphate	chebi_search	ols4_search	2025-11-25
Na-glycerophosphate	CHEBI:132089	CHEBI	sodium glycerol 2-phosphate	chebi_search	ols4_search	2025-11-25
Na-L-lactate	CHEBI:75228	CHEBI	sodium lactate	chebi_search	ols4_search	2025-11-25
Na-L-lactate (50% (w/v))		unmapped		unmapped		2025-11-25
Na-L-malate	CHEBI:91261	CHEBI	disodium (S)-malate	chebi_search	ols4_search	2025-11-25
Na-lactate	CHEBI:75228	CHEBI	sodium lactate	chebi_search	ols4_search	2025-11-25
Na-malate	CHEBI:91261	CHEBI	disodium (S)-malate	chebi_search	ols4_search	2025-11-25
Na-malate or –acetate		unmapped		unmapped		2025-11-25
Na-meta silicate		unmapped		unmapped		2025-11-25
Na-meta-silicate		unmapped		unmapped		2025-11-25
Na-orotate	CHEBI:132101	CHEBI	sodium orotate	chebi_search	ols4_search	2025-11-25
Na-oxalate	CHEBI:132764	CHEBI	sodium oxalate	chebi_search	ols4_search	2025-11-25
Na-phosphate buffer (0.2 M, pH 6.5)		unmapped		unmapped		2025-11-25
Na-propionate	CHEBI:132106	CHEBI	sodium propionate	chebi_search	ols4_search	2025-11-25
Na-pyruvate		unmapped		unmapped		2025-11-25
Na-resazurin solution (0.1% w/v)		unmapped		unmapped		2025-11-25
Na-sesquicarbonate solution:		unmapped		unmapped		2025-11-25
Na-silicate	CHEBI:60720	CHEBI	sodium silicate	chebi_search	ols4_search	2025-11-25
Na-succinate	CHEBI:63675	CHEBI	sodium succinate (anhydrous)	chebi_search	ols4_search	2025-11-25
Na-syringate solution (0.3 M)		unmapped		unmapped		2025-11-25
Na-syringate solution (0.3 M) → Make the anoxic by sparging with		unmapped		unmapped		2025-11-25
Na-syringate solution (0.3 M) → syringic acid to		unmapped		unmapped		2025-11-25
Na-tartrate	CHEBI:63017	CHEBI	sodium L-tartrate	chebi_search	ols4_search	2025-11-25
Na-thioglycolate	CHEBI:86481	CHEBI	sodium thioglycolate	chebi_search	ols4_search	2025-11-25
NA2 EDTA	CHEBI:64734	CHEBI	EDTA disodium salt (anhydrous)	chebi_search	ols4_search	2025-11-25
Na2 α-ketoglutarate		unmapped		unmapped		2025-11-25
Na2-9,10-anthraquinone-2,6-disulfonate (TCI A0308)		unmapped		unmapped		2025-11-25
Na2-citrate		unmapped		unmapped		2025-11-25
Na2-DL-malate		unmapped		unmapped		2025-11-25
Na2-EDTA	CHEBI:64734	CHEBI	EDTA disodium salt (anhydrous)	chebi_exact	chebi_nodes.tsv	2025-11-25
Na2-EDTA x 2 H2O (0.1 g/l stock solution)	CHEBI:64734	CHEBI	EDTA disodium salt (anhydrous)	chebi_normalized	chebi_nodes.tsv	2025-11-25
Na2-EDTA*2 H2O		unmapped		unmapped		2025-11-25
Na2-fumarate		unmapped		unmapped		2025-11-25
Na2-glutamate		unmapped		unmapped		2025-11-25
Na2-glyoxalate		unmapped		unmapped		2025-11-25
Na2-succinate		unmapped		unmapped		2025-11-25
Na2-tartrate x 2 H2O		unmapped		unmapped		2025-11-25
Na2-ß-glycerolphosphate		unmapped		unmapped		2025-11-25
Na2-ß-glycerophosphate		unmapped		unmapped		2025-11-25
Na2-ß-glycerophosphate x 5 H2O (MERCK 35675)		unmapped		unmapped		2025-11-25
Na2B4O7		unmapped		unmapped		2025-11-25
Na2B4O7 x 10 H2O		unmapped		unmapped		2025-11-25
Na2B4O7 x 10H2O		unmapped		unmapped		2025-11-25
Na2B4O7·10H2O		unmapped		unmapped		2025-11-25
Na2citrate x 2 H2O		unmapped		unmapped		2025-11-25
Na2CO3	CHEBI:29377	CHEBI	sodium carbonate	chebi_exact	chebi_nodes.tsv	2025-11-25
Na2CO3 (20 g/l stock solution)	CHEBI:29377	CHEBI	sodium carbonate	chebi_normalized	chebi_nodes.tsv	2025-11-25
Na2CO3 (8% w/V)	CHEBI:29377	CHEBI	sodium carbonate	chebi_normalized	chebi_nodes.tsv	2025-11-25
Na2CO3 and NaCl were autoclaved separately.		unmapped		unmapped		2025-11-25
Na2CO3 anhydrous		unmapped		unmapped		2025-11-25
Na2EDTA		unmapped		unmapped		2025-11-25
Na2EDTA (0.5 M)		unmapped		unmapped		2025-11-25
Na2EDTA.2H2O		unmapped		unmapped		2025-11-25
Na2EDTA·2H2O		unmapped		unmapped		2025-11-25
Na2H2PO4		unmapped		unmapped		2025-11-25
Na2H2PO4 x H2O		unmapped		unmapped		2025-11-25
Na2HAsO4 x 7 H2O		unmapped		unmapped		2025-11-25
Na2HPO4	CHEBI:34683	CHEBI	disodium hydrogenphosphate	chebi_exact	chebi_nodes.tsv	2025-11-25
Na2HPO4  anydrous		unmapped		unmapped		2025-11-25
Na2HPO4 (0.1% w/v)	CHEBI:34683	CHEBI	disodium hydrogenphosphate	chebi_normalized	chebi_nodes.tsv	2025-11-25
Na2HPO4 x 12 H2O	CHEBI:34683	CHEBI	disodium hydrogenphosphate	chebi_normalized	chebi_nodes.tsv	2025-11-25
Na2HPO4 x 2 H2O	CHEBI:34683	CHEBI	disodium hydrogenphosphate	chebi_normalized	chebi_nodes.tsv	2025-11-25
Na2HPO4 x 2H2O	CHEBI:34683	CHEBI	disodium hydrogenphosphate	chebi_normalized	chebi_nodes.tsv	2025-11-25
Na2HPO4 x 7 H2O	CHEBI:34683	CHEBI	disodium hydrogenphosphate	chebi_normalized	chebi_nodes.tsv	2025-11-25
Na2HPO4 x 7H2O	CHEBI:34683	CHEBI	disodium hydrogenphosphate	chebi_normalized	chebi_nodes.tsv	2025-11-25
Na2HPO4 x H2O		unmapped		unmapped		2025-11-25
Na2HPO4 x2 H2O	CHEBI:34683	CHEBI	disodium hydrogenphosphate	chebi_normalized	chebi_nodes.tsv	2025-11-25
Na2HPO4.7H2O	CHEBI:34683	CHEBI	disodium hydrogenphosphate	chebi_normalized	chebi_nodes.tsv	2025-11-25
Na2HPO4·12H2O	CHEBI:34683	CHEBI	disodium hydrogenphosphate	chebi_normalized	chebi_nodes.tsv	2025-11-25
Na2HPO4·2H2O	CHEBI:34683	CHEBI	disodium hydrogenphosphate	chebi_normalized	chebi_nodes.tsv	2025-11-25
Na2HPO4·6H2O	CHEBI:34683	CHEBI	disodium hydrogenphosphate	chebi_normalized	chebi_nodes.tsv	2025-11-25
Na2MoO4	CHEBI:75215	CHEBI	sodium molybdate (anhydrous)	chebi_exact	chebi_nodes.tsv	2025-11-25
Na2MoO4 x 2 H2O	CHEBI:75213	CHEBI	sodium molybdate dihydrate	chebi_normalized	chebi_nodes.tsv	2025-11-25
Na2MoO4 x 2 H2O (0.1% w/v)	CHEBI:75213	CHEBI	sodium molybdate dihydrate	chebi_normalized	chebi_nodes.tsv	2025-11-25
Na2MoO4 x 2H2O	CHEBI:75213	CHEBI	sodium molybdate dihydrate	chebi_normalized	chebi_nodes.tsv	2025-11-25
Na2MoO4 x 7 H2O	CHEBI:75213	CHEBI	sodium molybdate dihydrate	chebi_normalized	chebi_nodes.tsv	2025-11-25
Na2MoO4 x H2O		unmapped		unmapped		2025-11-25
Na2MoO4*2 H2O		unmapped		unmapped		2025-11-25
Na2MoO4*2H2O	CHEBI:75213	CHEBI	sodium molybdate dihydrate	chebi_search	ols4_search	2025-11-25
Na2MoO4-2H2O		unmapped		unmapped		2025-11-25
Na2MoO4.2H2O	CHEBI:75213	CHEBI	sodium molybdate dihydrate	chebi_exact	chebi_nodes.tsv	2025-11-25
Na2MoO4·2H2O	CHEBI:75213	CHEBI	sodium molybdate dihydrate	chebi_normalized	chebi_nodes.tsv	2025-11-25
Na2MoO4·2H2O (12 g/L)	CHEBI:75213	CHEBI	sodium molybdate dihydrate	chebi_normalized	chebi_nodes.tsv	2025-11-25
Na2MoSO4 x 2 H2O		unmapped		unmapped		2025-11-25
Na2O4W x 2 H2O		unmapped		unmapped		2025-11-25
Na2S	CHEBI:76208	CHEBI	sodium sulfide (anhydrous)	chebi_exact	chebi_nodes.tsv	2025-11-25
Na2S (60 g/l)	CHEBI:76208	CHEBI	sodium sulfide (anhydrous)	chebi_normalized	chebi_nodes.tsv	2025-11-25
Na2S 9 H2O		unmapped		unmapped		2025-11-25
Na2S solution		unmapped		unmapped		2025-11-25
Na2S x 9 H2O	CHEBI:76208	CHEBI	sodium sulfide (anhydrous)	chebi_normalized	chebi_nodes.tsv	2025-11-25
Na2S x 9 H2O (3% w/v)	CHEBI:76208	CHEBI	sodium sulfide (anhydrous)	chebi_normalized	chebi_nodes.tsv	2025-11-25
Na2S x 9 H2O(24% w/v)	CHEBI:76208	CHEBI	sodium sulfide (anhydrous)	chebi_normalized	chebi_nodes.tsv	2025-11-25
Na2S x 9H2O (1M)	CHEBI:76208	CHEBI	sodium sulfide (anhydrous)	chebi_normalized	chebi_nodes.tsv	2025-11-25
Na2S-cysteine solution (see below)		unmapped		unmapped		2025-11-25
Na2S203		unmapped		unmapped		2025-11-25
Na2S2O3	CHEBI:32150	CHEBI	sodium thiosulfate pentahydrate	chebi_normalized	chebi_nodes.tsv	2025-11-25
Na2S2O3 x 5 H20		unmapped		unmapped		2025-11-25
Na2S2O3 x 5 H2O	CHEBI:32150	CHEBI	sodium thiosulfate pentahydrate	chebi_normalized	chebi_nodes.tsv	2025-11-25
Na2S2O3 x 5 H2O (10% solution)	CHEBI:32150	CHEBI	sodium thiosulfate pentahydrate	chebi_normalized	chebi_nodes.tsv	2025-11-25
Na2S2O3 x 5 H2O(24 % w/v)	CHEBI:32150	CHEBI	sodium thiosulfate pentahydrate	chebi_normalized	chebi_nodes.tsv	2025-11-25
Na2S2O3 x 5H2O	CHEBI:32150	CHEBI	sodium thiosulfate pentahydrate	chebi_normalized	chebi_nodes.tsv	2025-11-25
Na2S2O3x5H2O	CHEBI:32150	CHEBI	sodium thiosulfate pentahydrate	chebi_normalized	chebi_nodes.tsv	2025-11-25
Na2S2O3·5H2O	CHEBI:32150	CHEBI	sodium thiosulfate pentahydrate	chebi_normalized	chebi_nodes.tsv	2025-11-25
Na2S2O3·5H2O (final conc.)	CHEBI:32150	CHEBI	sodium thiosulfate pentahydrate	chebi_normalized	chebi_nodes.tsv	2025-11-25
Na2S2O3·5H2O(final conc.)	CHEBI:32150	CHEBI	sodium thiosulfate pentahydrate	chebi_normalized	chebi_nodes.tsv	2025-11-25
Na2S2O4·2H2O		unmapped		unmapped		2025-11-25
Na2S2O5	CHEBI:114786	CHEBI	sodium disulfite	chebi_exact	chebi_nodes.tsv	2025-11-25
Na2Se3 x 5 H2O		unmapped		unmapped		2025-11-25
Na2SeO3	CHEBI:48843	CHEBI	disodium selenite	chebi_exact	chebi_nodes.tsv	2025-11-25
Na2SeO3 5 H2O		unmapped		unmapped		2025-11-25
Na2SeO3 x 5 H2O	CHEBI:131361	CHEBI	disodium selenite pentahydrate	chebi_normalized	chebi_nodes.tsv	2025-11-25
Na2SeO3 x 5 H2O (0.01% w/v)	CHEBI:131361	CHEBI	disodium selenite pentahydrate	chebi_normalized	chebi_nodes.tsv	2025-11-25
Na2SeO3·5H2O	CHEBI:131361	CHEBI	disodium selenite pentahydrate	chebi_normalized	chebi_nodes.tsv	2025-11-25
Na2SeO4		unmapped		unmapped		2025-11-25
Na2SeO4 (0.1% w/v)		unmapped		unmapped		2025-11-25
Na2SeO4 x 10 H2O		unmapped		unmapped		2025-11-25
Na2SiO3		unmapped		unmapped		2025-11-25
Na2SiO3 x 9 H20		unmapped		unmapped		2025-11-25
Na2SiO3 x 9 H2O		unmapped		unmapped		2025-11-25
Na2SiO3.9H2O		unmapped		unmapped		2025-11-25
Na2SiO3·9H2O		unmapped		unmapped		2025-11-25
Na2SO3	CHEBI:86477	CHEBI	sodium sulfite	chebi_exact	chebi_nodes.tsv	2025-11-25
Na2SO3 x 5 H20		unmapped		unmapped		2025-11-25
Na2SO4	CHEBI:32149	CHEBI	sodium sulfate	chebi_exact	chebi_nodes.tsv	2025-11-25
Na2SO4 (1.25 M)	CHEBI:32149	CHEBI	sodium sulfate	chebi_normalized	chebi_nodes.tsv	2025-11-25
Na2SO4 x 10 H2O	CHEBI:32149	CHEBI	sodium sulfate	chebi_normalized	chebi_nodes.tsv	2025-11-25
Na2S·9H2O	CHEBI:76208	CHEBI	sodium sulfide (anhydrous)	chebi_normalized	chebi_nodes.tsv	2025-11-25
Na2S·9H2O (10%, w/v)	CHEBI:76208	CHEBI	sodium sulfide (anhydrous)	chebi_normalized	chebi_nodes.tsv	2025-11-25
Na2S·9H2O (final conc.)	CHEBI:76208	CHEBI	sodium sulfide (anhydrous)	chebi_normalized	chebi_nodes.tsv	2025-11-25
Na2S·9H2O(final conc.)	CHEBI:76208	CHEBI	sodium sulfide (anhydrous)	chebi_normalized	chebi_nodes.tsv	2025-11-25
Na2WO4	CHEBI:63940	CHEBI	sodium tungstate	chebi_exact	chebi_nodes.tsv	2025-11-25
Na2WO4 x 2 H20		unmapped		unmapped		2025-11-25
Na2WO4 x 2 H2O	CHEBI:63939	CHEBI	sodium tungstate dihydrate	chebi_normalized	chebi_nodes.tsv	2025-11-25
Na2WO4 x 2 H2O (0.1% w/v)	CHEBI:63939	CHEBI	sodium tungstate dihydrate	chebi_normalized	chebi_nodes.tsv	2025-11-25
Na2WO4 x 2H2O	CHEBI:63939	CHEBI	sodium tungstate dihydrate	chebi_normalized	chebi_nodes.tsv	2025-11-25
Na2WO4*2H2O	CHEBI:63939	CHEBI	sodium tungstate dihydrate	chebi_search	ols4_search	2025-11-25
Na2WO4·2H2O	CHEBI:63939	CHEBI	sodium tungstate dihydrate	chebi_normalized	chebi_nodes.tsv	2025-11-25
Na2‐EDTA x 2H2O		unmapped		unmapped		2025-11-25
Na2‐EDTA x 2H2O		unmapped		unmapped		2025-11-25
Na3-Citrate		unmapped		unmapped		2025-11-25
Na3-Citrate x 2 H2O		unmapped		unmapped		2025-11-25
Na3-citrate x 2 H2O (0.6 g/l stock solution)		unmapped		unmapped		2025-11-25
Na3-citrate x 5 H2O		unmapped		unmapped		2025-11-25
Na3-EDTA		unmapped		unmapped		2025-11-25
Na3Citrat		unmapped		unmapped		2025-11-25
Na3Citrate x 2 H2O		unmapped		unmapped		2025-11-25
Na3VO4	CHEBI:35607	CHEBI	trisodium vanadate	chebi_exact	chebi_nodes.tsv	2025-11-25
Na3‐citrate x 2H2O		unmapped		unmapped		2025-11-25
Na3‐citrate x 2H2O		unmapped		unmapped		2025-11-25
NaBr	CHEBI:63004	CHEBI	sodium bromide	pubchem_xref	pubchem_cid:253881	2025-11-25
Nacl	CHEBI:26710	CHEBI	sodium chloride	chebi_exact	chebi_nodes.tsv	2025-11-25
NaCl (10%)	CHEBI:26710	CHEBI	sodium chloride	chebi_normalized	chebi_nodes.tsv	2025-11-25
NaCl (250 g/l stock solution)	CHEBI:26710	CHEBI	sodium chloride	chebi_normalized	chebi_nodes.tsv	2025-11-25
NaCl (for Arhodomonas)	CHEBI:26710	CHEBI	sodium chloride	chebi_normalized	chebi_nodes.tsv	2025-11-25
NaCl (for Marinobacter)	CHEBI:26710	CHEBI	sodium chloride	chebi_normalized	chebi_nodes.tsv	2025-11-25
NaCl 5%	CHEBI:26710	CHEBI	sodium chloride	chebi_search	ols4_search	2025-11-25
NaClO3	CHEBI:65242	CHEBI	sodium chlorate	chebi_exact	chebi_nodes.tsv	2025-11-25
NaCO3		unmapped		unmapped		2025-11-25
NaF	CHEBI:28741	CHEBI	sodium fluoride	chebi_exact	chebi_nodes.tsv	2025-11-25
NaF (0.07M)	CHEBI:28741	CHEBI	sodium fluoride	chebi_normalized	chebi_nodes.tsv	2025-11-25
NaF (0.1% w/v)	CHEBI:28741	CHEBI	sodium fluoride	chebi_normalized	chebi_nodes.tsv	2025-11-25
NaH2PO4	CHEBI:37585	CHEBI	sodium dihydrogenphosphate	chebi_exact	chebi_nodes.tsv	2025-11-25
NaH2PO4 x 2 H2O	CHEBI:37585	CHEBI	sodium dihydrogenphosphate	chebi_normalized	chebi_nodes.tsv	2025-11-25
NaH2PO4 x 2H2O	CHEBI:37585	CHEBI	sodium dihydrogenphosphate	chebi_normalized	chebi_nodes.tsv	2025-11-25
NaH2PO4 x H2O		unmapped		unmapped		2025-11-25
NaH2PO4.2H2O	CHEBI:37585	CHEBI	sodium dihydrogenphosphate	chebi_normalized	chebi_nodes.tsv	2025-11-25
NaH2PO4·2H2O	CHEBI:37585	CHEBI	sodium dihydrogenphosphate	chebi_normalized	chebi_nodes.tsv	2025-11-25
NaHCO3	CHEBI:32139	CHEBI	sodium hydrogencarbonate	chebi_exact	chebi_nodes.tsv	2025-11-25
NaHCO3 (10% (w/v))		unmapped		unmapped		2025-11-25
NaHCO3 (10%)	CHEBI:32139	CHEBI	sodium hydrogencarbonate	chebi_normalized	chebi_nodes.tsv	2025-11-25
NaHCO3 (10.0% w/v soln)	CHEBI:32139	CHEBI	sodium hydrogencarbonate	chebi_normalized	chebi_nodes.tsv	2025-11-25
NaHCO3 (10.0% w/v)	CHEBI:32139	CHEBI	sodium hydrogencarbonate	chebi_normalized	chebi_nodes.tsv	2025-11-25
NaHCO3 (8 %)	CHEBI:32139	CHEBI	sodium hydrogencarbonate	chebi_normalized	chebi_nodes.tsv	2025-11-25
NaHCO3 (8%)	CHEBI:32139	CHEBI	sodium hydrogencarbonate	chebi_normalized	chebi_nodes.tsv	2025-11-25
NaHCO3 (84 g/l)	CHEBI:32139	CHEBI	sodium hydrogencarbonate	chebi_normalized	chebi_nodes.tsv	2025-11-25
NaHCO3 solution		unmapped		unmapped		2025-11-25
NaHCO3(10%, w/v)	CHEBI:32139	CHEBI	sodium hydrogencarbonate	chebi_normalized	chebi_nodes.tsv	2025-11-25
NaHCO3(5%, w/v)	CHEBI:32139	CHEBI	sodium hydrogencarbonate	chebi_normalized	chebi_nodes.tsv	2025-11-25
NaHCO3(Sigma)	CHEBI:32139	CHEBI	sodium hydrogencarbonate	chebi_normalized	chebi_nodes.tsv	2025-11-25
NaHCO3, 5% w/v solution		unmapped		unmapped		2025-11-25
NaHCO3solution (10%, w/v)		unmapped		unmapped		2025-11-25
NaHPO4·12H2O		unmapped		unmapped		2025-11-25
NaHSeO3		unmapped		unmapped		2025-11-25
NaMoO4 x 2 H2O		unmapped		unmapped		2025-11-25
NaMoO4 x 2H2O 1%		unmapped		unmapped		2025-11-25
NaNH4HPO4 x 4 H2O		unmapped		unmapped		2025-11-25
NaNO2	CHEBI:78870	CHEBI	sodium nitrite	chebi_exact	chebi_nodes.tsv	2025-11-25
(2)	CHEBI:88419	CHEBI	Tiglic aldehyde	chebi_search	ols4_search	2025-11-25
NaNO3 (300 g/l stock solution)		unmapped		unmapped		2025-11-25
NaOH (1 N)	CHEBI:32145	CHEBI	sodium hydroxide	chebi_normalized	chebi_nodes.tsv	2025-11-25
NaOH 1 N	CHEBI:53448	CHEBI	methyl cellulose	chebi_search	ols4_search	2025-11-25
NaOH.  Store frozen.		unmapped		unmapped		2025-11-25
NaOH/KOH:		unmapped		unmapped		2025-11-25
NaS2O3		unmapped		unmapped		2025-11-25
NaS2O3 x 5 H2O		unmapped		unmapped		2025-11-25
NaS2·9H2O		unmapped		unmapped		2025-11-25
NaSO4		unmapped		unmapped		2025-11-25
Natetrathionate		unmapped		unmapped		2025-11-25
Natural filtered seawater		unmapped		unmapped		2025-11-25
Natural seawater		unmapped		unmapped		2025-11-25
Natural seawater (filtrated)		unmapped		unmapped		2025-11-25
natural seawater (nsw)		unmapped		unmapped		2025-11-25
NaVO3	CHEBI:75221	CHEBI	sodium metavanadate	chebi_exact	chebi_nodes.tsv	2025-11-25
NaVO3 x H2O		unmapped		unmapped		2025-11-25
NaVO3 x H2O (0.1% w/v)		unmapped		unmapped		2025-11-25
NaVO3 x n H2O (meta)		unmapped		unmapped		2025-11-25
NaWO4·2H2O		unmapped		unmapped		2025-11-25
NB Mineral elixir solution (see below)		unmapped		unmapped		2025-11-25
NCL (New Cereal Leaf-Prescott Liquid)		unmapped		unmapped		2025-11-25
NCL/0.01% NPA		unmapped		unmapped		2025-11-25
Neopeptone (BD-Difco)		unmapped		unmapped		2025-11-25
neutralized 3% solution of sodium sulfide to replenish sulfide and with other		unmapped		unmapped		2025-11-25
neutralized 3% solution of sodium sulfide to replenish sulfide and with other supplement		unmapped		unmapped		2025-11-25
neutralized anoxic stock solution.		unmapped		unmapped		2025-11-25
Neutralized sulfide solution (B)		unmapped		unmapped		2025-11-25
Neutralized sulfide solution (B) → for		unmapped		unmapped		2025-11-25
Neutralized sulfide solution 3% (w/v)		unmapped		unmapped		2025-11-25
Neutralized sulfide solution 3% (w/v) → by adding of sterile		unmapped		unmapped		2025-11-25
Neutralized sulfide solution 3% (w/v) → closed and autoclaved for		unmapped		unmapped		2025-11-25
Neutralized sulfide solution 3% (w/v) → Neutralized sulfide		unmapped		unmapped		2025-11-25
Neutralized sulfide solution 3% (w/v) → sterile		unmapped		unmapped		2025-11-25
Neutralized sulfide solution 3% (w/v) → The sulfide is prepared a		unmapped		unmapped		2025-11-25
NH4-Fe-III-Citrat		unmapped		unmapped		2025-11-25
NH4-oxalate	CHEBI:91241	CHEBI	ammonium oxalate	chebi_search	ols4_search	2025-11-25
NH4CL	CHEBI:31206	CHEBI	ammonium chloride	chebi_exact	chebi_nodes.tsv	2025-11-25
NH4Cl (0.4M)	CHEBI:31206	CHEBI	ammonium chloride	chebi_normalized	chebi_nodes.tsv	2025-11-25
NH4Cl (1M)	CHEBI:31206	CHEBI	ammonium chloride	chebi_normalized	chebi_nodes.tsv	2025-11-25
NH4Cl2		unmapped		unmapped		2025-11-25
NH4H2PO4	CHEBI:62982	CHEBI	ammonium dihydrogen phosphate	pubchem_xref	pubchem_cid:24402	2025-11-25
NH4HCO3		unmapped		unmapped		2025-11-25
NH4NO3		unmapped		unmapped		2025-11-25
NH4SO4		unmapped		unmapped		2025-11-25
Ni-Se-W solution (see below)		unmapped		unmapped		2025-11-25
Ni-Se-W solution (see Medium No.244)		unmapped		unmapped		2025-11-25
Ni2SO4 x 6 H20		unmapped		unmapped		2025-11-25
Niacin	CHEBI:15940	CHEBI	nicotinic acid	chebi_exact	chebi_nodes.tsv	2025-11-25
Niacinamide (0.01% w/v)	CHEBI:17154	CHEBI	nicotinamide	chebi_normalized	chebi_nodes.tsv	2025-11-25
NiCl 2 x 6 H2O		unmapped		unmapped		2025-11-25
NiCl2	CHEBI:34887	CHEBI	nickel dichloride	chebi_exact	chebi_nodes.tsv	2025-11-25
NiCl2 1.2%		unmapped		unmapped		2025-11-25
NiCl2 x 2 H2O	CHEBI:34887	CHEBI	nickel dichloride	chebi_normalized	chebi_nodes.tsv	2025-11-25
NiCl2 x 2H2O	CHEBI:34887	CHEBI	nickel dichloride	chebi_normalized	chebi_nodes.tsv	2025-11-25
NiCl2 x 6 H20		unmapped		unmapped		2025-11-25
NiCl2 x 6 H2O	CHEBI:34887	CHEBI	nickel dichloride	chebi_normalized	chebi_nodes.tsv	2025-11-25
NiCl2 x 6 H2O (0.1% w/v)	CHEBI:34887	CHEBI	nickel dichloride	chebi_normalized	chebi_nodes.tsv	2025-11-25
NiCl2*2H2O		unmapped		unmapped		2025-11-25
NiCl2-6H2O		unmapped		unmapped		2025-11-25
NiCl2·6H2O	CHEBI:34887	CHEBI	nickel dichloride	chebi_normalized	chebi_nodes.tsv	2025-11-25
NiCl2·6H2O (0.2 g/L in 0.01 N H2SO4)	CHEBI:34887	CHEBI	nickel dichloride	chebi_normalized	chebi_nodes.tsv	2025-11-25
NiCl2·H2O		unmapped		unmapped		2025-11-25
Nicotinamide	CHEBI:17154	CHEBI	nicotinamide	chebi_exact	chebi_nodes.tsv	2025-11-25
Nicotinate	CHEBI:32544	CHEBI	nicotinate	chebi_exact	chebi_nodes.tsv	2025-11-25
Nicotine amide	CHEBI:17154	CHEBI	nicotinamide	chebi_exact	chebi_nodes.tsv	2025-11-25
Nicotinic acid	CHEBI:15940	CHEBI	nicotinic acid	chebi_exact	chebi_nodes.tsv	2025-11-25
Nicotinic acid (PP)	CHEBI:15940	CHEBI	nicotinic acid	chebi_normalized	chebi_nodes.tsv	2025-11-25
Nicotinic Acid As Carbon Source Instead Of Toluene		unmapped		unmapped		2025-11-25
Nicotinic Acid	CHEBI:15940	CHEBI	nicotinic acid	chebi_normalized	chebi_nodes.tsv	2025-11-25
NiSO4·6H2O	CHEBI:53001	CHEBI	nickel sulfate	chebi_normalized	chebi_nodes.tsv	2025-11-25
NiSO4·7H2O	CHEBI:53001	CHEBI	nickel sulfate	chebi_normalized	chebi_nodes.tsv	2025-11-25
Nitrilotriacetate	CHEBI:25548	CHEBI	nitrilotriacetate(3-)	chebi_exact	chebi_nodes.tsv	2025-11-25
Nitrilotriacetate (NTA)	CHEBI:25548	CHEBI	nitrilotriacetate(3-)	chebi_normalized	chebi_nodes.tsv	2025-11-25
Nitrilotriacetic Acid	CHEBI:44557	CHEBI	nitrilotriacetic acid	chebi_exact	chebi_nodes.tsv	2025-11-25
Nitrilotriacetic acid (C6H9NO6)	CHEBI:44557	CHEBI	nitrilotriacetic acid	chebi_normalized	chebi_nodes.tsv	2025-11-25
Nitrilotriacetic acid (NTA)	CHEBI:44557	CHEBI	nitrilotriacetic acid	chebi_normalized	chebi_nodes.tsv	2025-11-25
Nitrilotriacetic acid (Titriplex I)	CHEBI:44557	CHEBI	nitrilotriacetic acid	chebi_normalized	chebi_nodes.tsv	2025-11-25
Nitrilotriacetic acid trisodium salt monohydrate		unmapped		unmapped		2025-11-25
Nitrilotriacetic acid, trisodium salt	CHEBI:132766	CHEBI	sodium nitrilotriacetate	pubchem_xref	pubchem_cid:21152	2025-11-25
Nitsch Element Solution		unmapped		unmapped		2025-11-25
Nitsch Element Solution:		unmapped		unmapped		2025-11-25
Nitsch's trace elements (see below)		unmapped		unmapped		2025-11-25
Nitsch's trace elements (see Medium No.273)		unmapped		unmapped		2025-11-25
NOTE: 1:1 mixture. See separate recipes.  Mix then autoclave at 15 psi for 15 minutes.		unmapped		unmapped		2025-11-25
Note: Complan does not dissolve.		unmapped		unmapped		2025-11-25
Nutrient Agar (Oxoid CM3)		unmapped		unmapped		2025-11-25
Nutrient agar (see Medium No.74)		unmapped		unmapped		2025-11-25
Nutrient broth		unmapped		unmapped		2025-11-25
Nutrient broth (BD Difco)		unmapped		unmapped		2025-11-25
Nutrient broth (BD-Difco)		unmapped		unmapped		2025-11-25
Nutrient Broth (Difco)		unmapped		unmapped		2025-11-25
Nutrient broth (Oxoid)*		unmapped		unmapped		2025-11-25
Nutrient broth No. 2 (Oxoid)		unmapped		unmapped		2025-11-25
Nutrient Solution [ml]		unmapped		unmapped		2025-11-25
Nutrient solution → Make up to		unmapped		unmapped		2025-11-25
Nutrients	CHEBI:33284	CHEBI	nutrient	chebi_exact	chebi_nodes.tsv	2025-11-25
NZ Case (Wako pure chemicals, Japan)=Peptone from Casein  3.000		unmapped		unmapped		2025-11-25
NZ Case (Wako pure chemicals, Japan)=Peptone from Caseine 3.000		unmapped		unmapped		2025-11-25
Oat flakes		unmapped		unmapped		2025-11-25
Oatmeal (Quaker White Oats)		unmapped		unmapped		2025-11-25
Oatmeal agar (BD-Difco)		unmapped		unmapped		2025-11-25
Oatmeal agar (ISP-3) (see Medium No.50)		unmapped		unmapped		2025-11-25
Oatmeal, powdered (Quaker White Oats)		unmapped		unmapped		2025-11-25
Oban, Argyll, PA37 1QA, UK		unmapped		unmapped		2025-11-25
Oban, Argyll, PA37 1QA, UK		unmapped		unmapped		2025-11-25
of Bacto peptone and		unmapped		unmapped		2025-11-25
oil of cedar wood		unmapped		unmapped		2025-11-25
Olive oil	CHEBI:156100	CHEBI	(E)-2-pentenal	chebi_search	ols4_search	2025-11-25
One 25 cm2 flask of well-grown cells is infected with		unmapped		unmapped		2025-11-25
or Cellulose (i.e. MN 300)		unmapped		unmapped		2025-11-25
Or"Ultramarine" Synthetica sea salts*		unmapped		unmapped		2025-11-25
Or"Ultramarine" Synthetica sea salts**		unmapped		unmapped		2025-11-25
Ox-bile (desiccated)		unmapped		unmapped		2025-11-25
Oxgall (BD-Difco)		unmapped		unmapped		2025-11-25
OXOID or MERCK) in distilled		unmapped		unmapped		2025-11-25
water and add		unmapped		unmapped		2025-11-25
p-Aminobenzoic acid	CHEBI:30753	CHEBI	4-aminobenzoic acid	chebi_exact	chebi_nodes.tsv	2025-11-25
p-Hydroxybenzoate, Na-salt	CHEBI:113449	CHEBI	sodium 4-hydroxybenzoate	chebi_search	ols4_search	2025-11-25
P. AMINOVORANS		unmapped		unmapped		2025-11-25
PABA	CHEBI:30753	CHEBI	4-aminobenzoic acid	chebi_exact	chebi_nodes.tsv	2025-11-25
Pancreatic digest of casein		unmapped		unmapped		2025-11-25
pancreatic digest of casein (BD Trypticase Peptone)		unmapped		unmapped		2025-11-25
Pantothenic acid	CHEBI:46905	CHEBI	(R)-pantothenic acid	chebi_exact	chebi_nodes.tsv	2025-11-25
Part 1	CHEBI:38569	CHEBI	trimethacarb	chebi_search	ols4_search	2025-11-25
PC (Prescott's & Carrier's Solution)	CHEBI:11502	CHEBI	2-acylglycerophosphocholine(1+)	chebi_normalized	chebi_nodes.tsv	2025-11-25
PE Medium (see Medium No.303)		unmapped		unmapped		2025-11-25
Pennassay Broth		unmapped		unmapped		2025-11-25
Peptone	CHEBI:8150	CHEBI	Enzymatic or acid digest of animal protein	microbio_products	curated	2025-11-25
peptone (0.01 %, w/v)		unmapped		unmapped		2025-11-25
Peptone (Bacto)		unmapped		unmapped		2025-11-25
Peptone (BBL 11910)		unmapped		unmapped		2025-11-25
Peptone (BD 211677)		unmapped		unmapped		2025-11-25
Peptone (BD BACTO)		unmapped		unmapped		2025-11-25
Peptone (BD)		unmapped		unmapped		2025-11-25
Peptone (BD-Difco)		unmapped		unmapped		2025-11-25
peptone (Difco)		unmapped		unmapped		2025-11-25
Peptone (meat)		unmapped		unmapped		2025-11-25
Peptone (meat, peptic)		unmapped		unmapped		2025-11-25
Peptone (Oxoid)		unmapped		unmapped		2025-11-25
Peptone (tryptic)		unmapped		unmapped		2025-11-25
Peptone bacteriological		unmapped		unmapped		2025-11-25
Peptone from Casein		unmapped		unmapped		2025-11-25
Peptone from caseine		unmapped		unmapped		2025-11-25
Peptone from meat		unmapped		unmapped		2025-11-25
Peptone from soy meal		unmapped		unmapped		2025-11-25
Peptone from soybean		unmapped		unmapped		2025-11-25
Peptone from soybean (e.g. Bacto Soytone)		unmapped		unmapped		2025-11-25
Peptone from soybeans		unmapped		unmapped		2025-11-25
Peptone from soymeal		unmapped		unmapped		2025-11-25
Peptone mixture		unmapped		unmapped		2025-11-25
Peptone protease		unmapped		unmapped		2025-11-25
Peptone, casein digest		unmapped		unmapped		2025-11-25
PER (Peranema Medium)		unmapped		unmapped		2025-11-25
per 100 ml		unmapped		unmapped		2025-11-25
per 100ml		unmapped		unmapped		2025-11-25
per 200 ml		unmapped		unmapped		2025-11-25
pH 7.4 (NaOH)		unmapped		unmapped		2025-11-25
pH is about 5.9 before autoclaving.		unmapped		unmapped		2025-11-25
Phenol red (0.04%)	CHEBI:31991	CHEBI	phenol red	chebi_normalized	chebi_nodes.tsv	2025-11-25
Phenol red (saturated aq. solution)	CHEBI:31991	CHEBI	phenol red	chebi_normalized	chebi_nodes.tsv	2025-11-25
Phenyl acetic acid	CHEBI:30745	CHEBI	phenylacetic acid	pubchem_xref	pubchem_cid:999	2025-11-25
Phenyl propionic acid	CHEBI:28631	CHEBI	3-phenylpropionic acid	pubchem_xref	pubchem_cid:107	2025-11-25
Phenylacetate As Carbon Source Instead Of Toluene		unmapped		unmapped		2025-11-25
Phosphate buffer		unmapped		unmapped		2025-11-25
phosphate buffer (10%, pH 7.4)		unmapped		unmapped		2025-11-25
Phosphate Buffer (see below)		unmapped		unmapped		2025-11-25
Phosphate buffer solution (see below)		unmapped		unmapped		2025-11-25
Phosphate buffer stock solution		unmapped		unmapped		2025-11-25
Phosphate Buffer:		unmapped		unmapped		2025-11-25
Phosphate solution		unmapped		unmapped		2025-11-25
Phosphate solution (see below)		unmapped		unmapped		2025-11-25
Phosphate solution:		unmapped		unmapped		2025-11-25
Phosphates solution		unmapped		unmapped		2025-11-25
Phytone (BBL)		unmapped		unmapped		2025-11-25
Phytone peptone		unmapped		unmapped		2025-11-25
Phytone peptone (BD-BBL)		unmapped		unmapped		2025-11-25
Phytone peptone (BD-Difco)		unmapped		unmapped		2025-11-25
PIPES	CHEBI:39033	CHEBI	PIPES	chebi_exact	chebi_nodes.tsv	2025-11-25
PIPES (12mM)	CHEBI:39033	CHEBI	PIPES	chebi_normalized	chebi_nodes.tsv	2025-11-25
PIPES (SIGMA)	CHEBI:39033	CHEBI	PIPES	chebi_normalized	chebi_nodes.tsv	2025-11-25
PIPES buffer (SIGMA)		unmapped		unmapped		2025-11-25
Pirydoxin hydrocloride (B6)		unmapped		unmapped		2025-11-25
PJ (Prescott's & James's Solution)		unmapped		unmapped		2025-11-25
PJ/NN		unmapped		unmapped		2025-11-25
Place 1000 ml of anaerobic water (CO2 water) in a flask. Add the following compounds:		unmapped		unmapped		2025-11-25
Place  dry  rice  starch  into  a  dry  50  ml  bottle,  and  cap.    Place  20  ml		unmapped		unmapped		2025-11-25
Please add after autoclaving:		unmapped		unmapped		2025-11-25
PM (Polytoma Medium)	CHEBI:141444	CHEBI	Pro-Met	chebi_normalized	chebi_nodes.tsv	2025-11-25
Poly hexamethylene carbonate (PHC)*		unmapped		unmapped		2025-11-25
Polypepton (Nihon Pharm. Co.)		unmapped		unmapped		2025-11-25
Polypepton (Nihon Pharmaceutical Co.)		unmapped		unmapped		2025-11-25
Polypepton (Nihon Seiyaku)		unmapped		unmapped		2025-11-25
Polypeptone		unmapped		unmapped		2025-11-25
Polypeptone (BBL)		unmapped		unmapped		2025-11-25
Polypeptone peptone (BD-BBL)		unmapped		unmapped		2025-11-25
Poorly crystalline iron(III) oxide (see below)		unmapped		unmapped		2025-11-25
Poorly crystalline iron(III) oxide (see Medium No.411)		unmapped		unmapped		2025-11-25
Porcine serum (heat-inactivated)		unmapped		unmapped		2025-11-25
Potassium acetate	CHEBI:32029	CHEBI	potassium acetate	chebi_exact	chebi_nodes.tsv	2025-11-25
Potassium Aspartate		unmapped		unmapped		2025-11-25
potassium chloride	CHEBI:32588	CHEBI	potassium chloride	chebi_exact	chebi_nodes.tsv	2025-11-25
Potassium Glutamate		unmapped		unmapped		2025-11-25
Potassium phosphate buffer (1 M, pH 7.1)		unmapped		unmapped		2025-11-25
Potassium phosphate buffer (see Medium No.574)		unmapped		unmapped		2025-11-25
Potassium phosphate buffer* (see below)		unmapped		unmapped		2025-11-25
Potassium phosphate buffer, 1M, pH 7		unmapped		unmapped		2025-11-25
potassium phosphate monobasic	CHEBI:63036	CHEBI	potassium dihydrogen phosphate	chebi_exact	chebi_nodes.tsv	2025-11-25
Potato	CHEBI:38230	CHEBI	solanapyrone	chebi_search	ols4_search	2025-11-25
Potato Decoction (see below)		unmapped		unmapped		2025-11-25
Potato, peeled and cut		unmapped		unmapped		2025-11-25
PP (Proteose Peptone Medium)	CHEBI:26294	CHEBI	propionyl group	chebi_normalized	chebi_nodes.tsv	2025-11-25
PPG (Proteose Peptone Glucose Medium)	CHEBI:53262	CHEBI	poly(propylene glycol) macromolecule	chebi_normalized	chebi_nodes.tsv	2025-11-25
PPLO broth	ingredient:pplo_broth	ingredient	Pleuropneumonia-like organism broth, complex mycoplasma medium	microbio_products	curated	2025-11-25
PPLO broth (GIBCO)		unmapped		unmapped		2025-11-25
PPLO broth w/o Crystal Violet (BD-Difco 255420)		unmapped		unmapped		2025-11-25
PPLO-Broth	ingredient:pplo_broth	ingredient	Pleuropneumonia-like organism broth, complex mycoplasma medium	microbio_products	curated	2025-11-25
Prepare in a screw-cap bottle, bubble with N2 to replace air, close tightly and autoclave.		unmapped		unmapped		2025-11-25
Primary stock		unmapped		unmapped		2025-11-25
Primary Stocks		unmapped		unmapped		2025-11-25
Probumin Universal Grade (Millipore)		unmapped		unmapped		2025-11-25
properties  of  unicellular  blue-green  algae  (Order  Chroococcales).  Bacteriol.  Rev.		unmapped		unmapped		2025-11-25
Propionic acid	CHEBI:30768	CHEBI	propionic acid	chebi_exact	chebi_nodes.tsv	2025-11-25
proteose		unmapped		unmapped		2025-11-25
Proteose peptone		unmapped		unmapped		2025-11-25
Proteose peptone (BD DIFCO no. 3)		unmapped		unmapped		2025-11-25
Proteose peptone (BD Difco)		unmapped		unmapped		2025-11-25
Proteose peptone (BD-Difco)		unmapped		unmapped		2025-11-25
Proteose peptone (Difco 0120)		unmapped		unmapped		2025-11-25
Proteose Peptone (Difco no. 3)		unmapped		unmapped		2025-11-25
Proteose peptone (Difco No.3)		unmapped		unmapped		2025-11-25
Proteose peptone (Difco)		unmapped		unmapped		2025-11-25
Proteose Peptone BD		unmapped		unmapped		2025-11-25
Proteose peptone No 2 (DIFCO 0121-01-3)		unmapped		unmapped		2025-11-25
Proteose peptone no. 3		unmapped		unmapped		2025-11-25
Proteose peptone no. 3 (BD Bacto)		unmapped		unmapped		2025-11-25
Proteose peptone No. 3 (BD-Difco)		unmapped		unmapped		2025-11-25
Proteose peptone No. 3 (Difco)		unmapped		unmapped		2025-11-25
Proteose peptone no.3 (Difco)		unmapped		unmapped		2025-11-25
Proteose peptone Nr. 3 (BD Difco)		unmapped		unmapped		2025-11-25
Proteose Peptone n°3		unmapped		unmapped		2025-11-25
Proteose tryptone (DIFCO 0123-01)		unmapped		unmapped		2025-11-25
Proteose yeastolate (TC) (DIFCO 5577-15)		unmapped		unmapped		2025-11-25
Protozoa	CHEBI:72316	CHEBI	virulence factor	chebi_search	ols4_search	2025-11-25
psi  for  15  minutes.    When  cool,  aseptically  combine  the  contents  of		unmapped		unmapped		2025-11-25
Pullulan	CHEBI:27941	CHEBI	pullulan	chebi_exact	chebi_nodes.tsv	2025-11-25
Purified agar		unmapped		unmapped		2025-11-25
Purified agar (e.g. Difco Agar Noble)		unmapped		unmapped		2025-11-25
Purified agar (e.g. Oxoid L28)		unmapped		unmapped		2025-11-25
Putrescine	CHEBI:17148	CHEBI	putrescine	chebi_exact	chebi_nodes.tsv	2025-11-25
Pyridoxal phosphate	CHEBI:18405	CHEBI	pyridoxal 5'-phosphate	chebi_exact	chebi_nodes.tsv	2025-11-25
Pyridoxal·HCl		unmapped		unmapped		2025-11-25
Pyridoxamine	CHEBI:16410	CHEBI	pyridoxamine	chebi_exact	chebi_nodes.tsv	2025-11-25
Pyridoxamine Dihydrochloride	CHEBI:131532	CHEBI	pyridoxamine dihydrochloride	chebi_exact	chebi_nodes.tsv	2025-11-25
Pyridoxamine-HCl	CHEBI:131531	CHEBI	pyridoxamine hydrochloride	chebi_search	ols4_search	2025-11-25
Pyridoxamine·2HCl	CHEBI:131532	CHEBI	pyridoxamine dihydrochloride	chebi_search	ols4_search	2025-11-25
Pyridoxamine·HCl		unmapped		unmapped		2025-11-25
Pyridoxine	CHEBI:16709	CHEBI	pyridoxine	chebi_exact	chebi_nodes.tsv	2025-11-25
Pyridoxine HCl	CHEBI:30961	CHEBI	pyridoxine hydrochloride	pubchem_xref	pubchem_cid:6019	2025-11-25
Pyridoxine hydrochloride	CHEBI:30961	CHEBI	pyridoxine hydrochloride	chebi_exact	chebi_nodes.tsv	2025-11-25
Pyridoxine hydrochloride (0.1% w/v)	CHEBI:30961	CHEBI	pyridoxine hydrochloride	chebi_normalized	chebi_nodes.tsv	2025-11-25
Pyridoxine-HCl	CHEBI:30961	CHEBI	pyridoxine hydrochloride	chebi_search	ols4_search	2025-11-25
Pyridoxine·HCl		unmapped		unmapped		2025-11-25
Pyrocatechol	CHEBI:18135	CHEBI	catechol	chebi_exact	chebi_nodes.tsv	2025-11-25
Pyrocatechol solution* (see below)		unmapped		unmapped		2025-11-25
Pyruvate	CHEBI:15361	CHEBI	pyruvate	chebi_exact	chebi_nodes.tsv	2025-11-25
Pyruvate solution (1 M)		unmapped		unmapped		2025-11-25
QF	CHEBI:141430	CHEBI	Gln-Phe	chebi_exact	chebi_nodes.tsv	2025-11-25
QF 09		unmapped		unmapped		2025-11-25
Quinic acid	CHEBI:17521	CHEBI	(-)-quinic acid	chebi_exact	chebi_nodes.tsv	2025-11-25
R agar (see Medium No.26)		unmapped		unmapped		2025-11-25
R2A agar (BD-Difco)		unmapped		unmapped		2025-11-25
R2A agar (DB-Difco)		unmapped		unmapped		2025-11-25
R2A Broth		unmapped		unmapped		2025-11-25
R2A broth (DAIGO) (Nihon Pharm. Co.)		unmapped		unmapped		2025-11-25
R75S (Rye Grass­75% Seawater)		unmapped		unmapped		2025-11-25
RABBIT BLOOD AGAR		unmapped		unmapped		2025-11-25
Prepare Blood Agar Base from Difco 0045 according to directions on the bottle		unmapped		unmapped		2025-11-25
Rabbit serum heat-inactivated at 56C for 1 hr		unmapped		unmapped		2025-11-25
Rabbit serum heat-inactivated at 56℃ for 30 min		unmapped		unmapped		2025-11-25
Rabbit serum sterile non-hemolyzed young (Pel-Freez code No. 31125)		unmapped		unmapped		2025-11-25
Raffinose	CHEBI:16634	CHEBI	raffinose	chebi_exact	chebi_nodes.tsv	2025-11-25
RbCl	CHEBI:78672	CHEBI	rubidium chloride	pubchem_xref	pubchem_cid:62683	2025-11-25
Reducing agent solution (see below)		unmapped		unmapped		2025-11-25
Reducing agent solution (see Medium No.521)		unmapped		unmapped		2025-11-25
Reducing solution (see below)		unmapped		unmapped		2025-11-25
Reference	CHEBI:228364	CHEBI	NMR chemical shift reference compound	chebi_search	ols4_search	2025-11-25
Reference to Medium 1		unmapped		unmapped		2025-11-25
Reference to Medium 104		unmapped		unmapped		2025-11-25
Reference to Medium 1076		unmapped		unmapped		2025-11-25
Reference to Medium 1081		unmapped		unmapped		2025-11-25
Reference to Medium 11		unmapped		unmapped		2025-11-25
Reference to Medium 119		unmapped		unmapped		2025-11-25
Reference to Medium 125		unmapped		unmapped		2025-11-25
Reference to Medium 141		unmapped		unmapped		2025-11-25
Reference to Medium 167		unmapped		unmapped		2025-11-25
Reference to Medium 2		unmapped		unmapped		2025-11-25
Reference to Medium 212		unmapped		unmapped		2025-11-25
Reference to Medium 215		unmapped		unmapped		2025-11-25
Reference to Medium 220		unmapped		unmapped		2025-11-25
Reference to Medium 232		unmapped		unmapped		2025-11-25
Reference to Medium 260		unmapped		unmapped		2025-11-25
Reference to Medium 261		unmapped		unmapped		2025-11-25
Reference to Medium 266		unmapped		unmapped		2025-11-25
Reference to Medium 27		unmapped		unmapped		2025-11-25
Reference to Medium 28		unmapped		unmapped		2025-11-25
Reference to Medium 29		unmapped		unmapped		2025-11-25
Reference to Medium 298		unmapped		unmapped		2025-11-25
Reference to Medium 3		unmapped		unmapped		2025-11-25
Reference to Medium 318		unmapped		unmapped		2025-11-25
Reference to Medium 320		unmapped		unmapped		2025-11-25
Reference to Medium 328		unmapped		unmapped		2025-11-25
Reference to Medium 351		unmapped		unmapped		2025-11-25
Reference to Medium 382		unmapped		unmapped		2025-11-25
Reference to Medium 442		unmapped		unmapped		2025-11-25
Reference to Medium 457		unmapped		unmapped		2025-11-25
Reference to Medium 461		unmapped		unmapped		2025-11-25
Reference to Medium 462		unmapped		unmapped		2025-11-25
Reference to Medium 465		unmapped		unmapped		2025-11-25
Reference to Medium 480		unmapped		unmapped		2025-11-25
Reference to Medium 500		unmapped		unmapped		2025-11-25
Reference to Medium 514		unmapped		unmapped		2025-11-25
Reference to Medium 53		unmapped		unmapped		2025-11-25
Reference to Medium 535		unmapped		unmapped		2025-11-25
Reference to Medium 545		unmapped		unmapped		2025-11-25
Reference to Medium 603		unmapped		unmapped		2025-11-25
Reference to Medium 605		unmapped		unmapped		2025-11-25
Reference to Medium 607		unmapped		unmapped		2025-11-25
Reference to Medium 617		unmapped		unmapped		2025-11-25
Reference to Medium 645		unmapped		unmapped		2025-11-25
Reference to Medium 65		unmapped		unmapped		2025-11-25
Reference to Medium 700		unmapped		unmapped		2025-11-25
Reference to Medium 705		unmapped		unmapped		2025-11-25
Reference to Medium 711		unmapped		unmapped		2025-11-25
Reference to Medium 756		unmapped		unmapped		2025-11-25
Reference to Medium 761		unmapped		unmapped		2025-11-25
Reference to Medium 78		unmapped		unmapped		2025-11-25
Reference to Medium 79		unmapped		unmapped		2025-11-25
Reference to Medium 792		unmapped		unmapped		2025-11-25
Reference to Medium 830		unmapped		unmapped		2025-11-25
Reference to Medium 86		unmapped		unmapped		2025-11-25
Reference to Medium 88		unmapped		unmapped		2025-11-25
Reference to Medium 89		unmapped		unmapped		2025-11-25
Reference to Medium 92		unmapped		unmapped		2025-11-25
Reference to Medium 937		unmapped		unmapped		2025-11-25
Reference to Medium 993		unmapped		unmapped		2025-11-25
References		unmapped		unmapped		2025-11-25
Rehydrate and grow freeze-dried cells from ampoule in liquid broth 115. Subsequent		unmapped		unmapped		2025-11-25
Rehydrate and grow lyophilized cells from ampoules in liquid broth 830. Subsequent		unmapped		unmapped		2025-11-25
Reinforced clostridial agar (Sigma)		unmapped		unmapped		2025-11-25
Reinforced clostridial medium (BD-Difco)		unmapped		unmapped		2025-11-25
replaced by 1 g/l sodium acetate.		unmapped		unmapped		2025-11-25
Resazurin	CHEBI:8806	CHEBI	Resazurin	chebi_exact	chebi_nodes.tsv	2025-11-25
Resazurin (1mg/ml)	CHEBI:8806	CHEBI	Resazurin	chebi_normalized	chebi_nodes.tsv	2025-11-25
Resazurin (25 mg/100ml)	CHEBI:8806	CHEBI	Resazurin	chebi_normalized	chebi_nodes.tsv	2025-11-25
Resazurin solution (0.02%)		unmapped		unmapped		2025-11-25
Resazurin solution (see below)		unmapped		unmapped		2025-11-25
Resazurin-Na (0.1% w/v)		unmapped		unmapped		2025-11-25
Reviewed: 17th January 2025		unmapped		unmapped		2025-11-25
Revision: 001		unmapped		unmapped		2025-11-25
Riboflavin	CHEBI:17015	CHEBI	riboflavin	chebi_exact	chebi_nodes.tsv	2025-11-25
Riboflavin (see below)	CHEBI:17015	CHEBI	riboflavin	chebi_normalized	chebi_nodes.tsv	2025-11-25
Riboflavin solution (see Medium No.462)*		unmapped		unmapped		2025-11-25
Riboflavine (B2)	CHEBI:17015	CHEBI	riboflavin	chebi_normalized	chebi_nodes.tsv	2025-11-25
Rice starch		unmapped		unmapped		2025-11-25
Rice starch suspension (4)		unmapped		unmapped		2025-11-25
RPL (Rye Grass­Prescott Liquid)		unmapped		unmapped		2025-11-25
RPL/0.01% RPA		unmapped		unmapped		2025-11-25
RST trace elements (see below)		unmapped		unmapped		2025-11-25
RST trace elements (see Medium No.933)		unmapped		unmapped		2025-11-25
RST vitamin solution* (see below)		unmapped		unmapped		2025-11-25
rumen extract		unmapped		unmapped		2025-11-25
Rumen fluid, clarified (see below)		unmapped		unmapped		2025-11-25
Rumen fluid, clarified (see Medium No.266)		unmapped		unmapped		2025-11-25
Rye-bran		unmapped		unmapped		2025-11-25
Rye-bran extract (see below)		unmapped		unmapped		2025-11-25
S I (see below)		unmapped		unmapped		2025-11-25
S I solution (see below)		unmapped		unmapped		2025-11-25
S II (see below)		unmapped		unmapped		2025-11-25
S II solution (see below)		unmapped		unmapped		2025-11-25
S6 medium (see Medium No.90)		unmapped		unmapped		2025-11-25
S77 + vitamins		unmapped		unmapped		2025-11-25
S88 + Vitamins		unmapped		unmapped		2025-11-25
SABOURAUD-2% Glucose-Bouillon (Merck 108339)		unmapped		unmapped		2025-11-25
Sake	CHEBI:85119	CHEBI	polyanethol sulfonate macromolecule	chebi_search	ols4_search	2025-11-25
Salicylate As Carbon Source Instead Of Toluene		unmapped		unmapped		2025-11-25
Salt base solution (see below)		unmapped		unmapped		2025-11-25
Salt base solution (see Medium No.151)		unmapped		unmapped		2025-11-25
Salt solution	CHEBI:87398	CHEBI	aluminon	chebi_search	ols4_search	2025-11-25
Salt solution (see below)		unmapped		unmapped		2025-11-25
Salt solution (see Medium No.676)		unmapped		unmapped		2025-11-25
Salt Solution I	CHEBI:82427	CHEBI	orange G	chebi_search	ols4_search	2025-11-25
Salt solution I (see below)		unmapped		unmapped		2025-11-25
Salt solution I (see Medium No.133)		unmapped		unmapped		2025-11-25
Salt solution II (see below)		unmapped		unmapped		2025-11-25
Salt solution II (see Medium No.133)		unmapped		unmapped		2025-11-25
Salt solution No. 1 (see below)		unmapped		unmapped		2025-11-25
Salt solution No. 2 (see below)		unmapped		unmapped		2025-11-25
Salt solution R (see below)		unmapped		unmapped		2025-11-25
Salt solution:	CHEBI:87398	CHEBI	aluminon	chebi_search	ols4_search	2025-11-25
Salt Water Solution		unmapped		unmapped		2025-11-25
Salts solution (see below)		unmapped		unmapped		2025-11-25
Salts solution:		unmapped		unmapped		2025-11-25
Scottish Marine Institute, Oban, Argyll, PA37 1QA, UK		unmapped		unmapped		2025-11-25
Se-Ni-W solution (see below)		unmapped		unmapped		2025-11-25
Se-Ni-W solution (see Medium No.1243)		unmapped		unmapped		2025-11-25
Se-W solution (see below)		unmapped		unmapped		2025-11-25
Se/W solution (Medium No.852)		unmapped		unmapped		2025-11-25
Se/W solution (see below)		unmapped		unmapped		2025-11-25
Se/W solution (see Medium No.284)		unmapped		unmapped		2025-11-25
Se/W solution (see Medium No.317)		unmapped		unmapped		2025-11-25
Se/W solution (see Medium No.852)		unmapped		unmapped		2025-11-25
Se/W solution(Medium No.852)		unmapped		unmapped		2025-11-25
SE1 (Soil Extract1)		unmapped		unmapped		2025-11-25
SE1 (Soil Extract 1)		unmapped		unmapped		2025-11-25
SE2 (Soil Extract 2)	CHEBI:29923	CHEBI	selenono group	chebi_normalized	chebi_nodes.tsv	2025-11-25
Sea Salt	CHEBI:26710	CHEBI	sodium chloride	pubchem_xref	pubchem_cid:5234	2025-11-25
Sea Salt (SIGMA)		unmapped		unmapped		2025-11-25
Sea Salt (SIGMA, must not show signs of caking)		unmapped		unmapped		2025-11-25
Sea salts (Sigma)		unmapped		unmapped		2025-11-25
Sea salts (Sigma-Aldrich)		unmapped		unmapped		2025-11-25
Sea water salts solution (see below)		unmapped		unmapped		2025-11-25
Sea water-natural or artificial		unmapped		unmapped		2025-11-25
Seawater		unmapped		unmapped		2025-11-25
Seawater (autoclaved)		unmapped		unmapped		2025-11-25
Seawater (Biomaris 089 0.75 bottle)		unmapped		unmapped		2025-11-25
Seawater (Biomaris)		unmapped		unmapped		2025-11-25
Seawater or Biomaris		unmapped		unmapped		2025-11-25
see below)		unmapped		unmapped		2025-11-25
Salt solution (1)	CHEBI:87398	CHEBI	aluminon	chebi_search	ols4_search	2025-11-25
Selenite and tungstate solution		unmapped		unmapped		2025-11-25
Selenite tungstate solution (see Medium No.431)		unmapped		unmapped		2025-11-25
Selenite-tungstate solution		unmapped		unmapped		2025-11-25
Selenite-Tungstate solution  (see below)		unmapped		unmapped		2025-11-25
Selenite-tungstate solution (see below)		unmapped		unmapped		2025-11-25
Selenite-tungstate solution (see Medium No.431)		unmapped		unmapped		2025-11-25
Selenite-tungstate solution (see Medium No.554)		unmapped		unmapped		2025-11-25
Selenite-tungstate solution (see Medium No.862)		unmapped		unmapped		2025-11-25
Selenite-tungstate solution(see Medium No.554)		unmapped		unmapped		2025-11-25
Selenite-tungstate solution* (see Medium No.431)		unmapped		unmapped		2025-11-25
Selenite-Tungstate Solution:		unmapped		unmapped		2025-11-25
Selenite-tungstate-molybdate solution		unmapped		unmapped		2025-11-25
Selenite/tungstate stock solution:		unmapped		unmapped		2025-11-25
septum and a magnetic stirrer. The solution is bubbled with nitrogen gas, closed and		unmapped		unmapped		2025-11-25
SES (Soil Extract with Added Salts)		unmapped		unmapped		2025-11-25
SES medium - See below		unmapped		unmapped		2025-11-25
SES (Soil Extract with Added Salts)		unmapped		unmapped		2025-11-25
Seven vitamins solution		unmapped		unmapped		2025-11-25
Seven vitamins solution (see below)		unmapped		unmapped		2025-11-25
Seven vitamins solution (see Medium No.699)		unmapped		unmapped		2025-11-25
Sheep blood		unmapped		unmapped		2025-11-25
should be clear and is yellow in colour.		unmapped		unmapped		2025-11-25
Sigma Sea salts		unmapped		unmapped		2025-11-25
Sigmacell alpha Type 50 (Sigma S5504)		unmapped		unmapped		2025-11-25
signs  of  man's  activity  and  particular  care  should  be  taken  to  avoid  areas  where		unmapped		unmapped		2025-11-25
signs of man's activity and particular care should be taken to avoid areas where		unmapped		unmapped		2025-11-25
SII		unmapped		unmapped		2025-11-25
SiO2	CHEBI:30563	CHEBI	silicon dioxide	chebi_exact	chebi_nodes.tsv	2025-11-25
Skim milk	UBERON:0001913	UBERON	Milk with fat removed	microbio_products	curated	2025-11-25
Skim milk (BD-Difco)		unmapped		unmapped		2025-11-25
Skim milk (Difco)		unmapped		unmapped		2025-11-25
Skim milk (powder)		unmapped		unmapped		2025-11-25
Skirrow supplement (Oxoid) (1 vial/2 ml of sterile, purified water)		unmapped		unmapped		2025-11-25
SL-10 (see below)		unmapped		unmapped		2025-11-25
SL-4 trace element solution (see below)		unmapped		unmapped		2025-11-25
SL-4 trace element solution (see Medium No.340)		unmapped		unmapped		2025-11-25
SL-6 trace element solution (see below)		unmapped		unmapped		2025-11-25
SL-6 trace element solution (see Medium No.167)		unmapped		unmapped		2025-11-25
SL-7 trace element solution (see below)		unmapped		unmapped		2025-11-25
SL-7 trace element solution (see Medium No.536)		unmapped		unmapped		2025-11-25
SL-9 mineral solution (see below)		unmapped		unmapped		2025-11-25
SL10		unmapped		unmapped		2025-11-25
SL10 elements (see below)		unmapped		unmapped		2025-11-25
Sludge fluid (see below)		unmapped		unmapped		2025-11-25
Sludge fluid, alternative		unmapped		unmapped		2025-11-25
Sludge fluid, alternative (optional)		unmapped		unmapped		2025-11-25
Small dried sardine		unmapped		unmapped		2025-11-25
SNA/5 (Brackish Seawater Nutrient Agar)		unmapped		unmapped		2025-11-25
SnCl2·2H2O	CHEBI:78067	CHEBI	tin(II) chloride (anhydrous)	chebi_normalized	chebi_nodes.tsv	2025-11-25
Soda based mineral medium (sterilized, see below)		unmapped		unmapped		2025-11-25
Soda based mineral medium (sterilized, see Medium No.1081)		unmapped		unmapped		2025-11-25
Sodium acetate	CHEBI:32954	CHEBI	sodium acetate	chebi_exact	chebi_nodes.tsv	2025-11-25
Sodium acetate trihydrate	CHEBI:32138	CHEBI	sodium acetate trihydrate	chebi_exact	chebi_nodes.tsv	2025-11-25
Sodium acetate·3H2O	CHEBI:140411	CHEBI	sodium 2-iodohippurate	chebi_normalized	chebi_nodes.tsv	2025-11-25
Sodium ascorbate	CHEBI:113451	CHEBI	sodium ascorbate	chebi_exact	chebi_nodes.tsv	2025-11-25
Sodium benzoate	CHEBI:113455	CHEBI	sodium benzoate	chebi_exact	chebi_nodes.tsv	2025-11-25
sodium bicarbonate	CHEBI:32139	CHEBI	sodium hydrogencarbonate	chebi_exact	chebi_nodes.tsv	2025-11-25
Sodium butyrate	CHEBI:64103	CHEBI	sodium butyrate	chebi_exact	chebi_nodes.tsv	2025-11-25
Sodium caproate	CHEBI:114126	CHEBI	sodium hexanoate	chebi_exact	chebi_nodes.tsv	2025-11-25
Sodium carbonate	CHEBI:29377	CHEBI	sodium carbonate	chebi_exact	chebi_nodes.tsv	2025-11-25
Sodium carbonate solution		unmapped		unmapped		2025-11-25
sodium chloride	CHEBI:26710	CHEBI	sodium chloride	chebi_exact	chebi_nodes.tsv	2025-11-25
Sodium Citrate	CHEBI:32142	CHEBI	sodium citrate dihydrate	chebi_exact	chebi_nodes.tsv	2025-11-25
Sodium dithionite	CHEBI:66870	CHEBI	sodium dithionite	chebi_exact	chebi_nodes.tsv	2025-11-25
Sodium dithionite solution (100 mg/L)*		unmapped		unmapped		2025-11-25
Sodium DL-lactate	CHEBI:75228	CHEBI	sodium lactate	pubchem_xref	pubchem_cid:23666456	2025-11-25
Sodium DL-malate		unmapped		unmapped		2025-11-25
Sodium formate	CHEBI:62965	CHEBI	sodium formate	chebi_exact	chebi_nodes.tsv	2025-11-25
Sodium fumarate	CHEBI:115156	CHEBI	disodium fumarate	chebi_exact	chebi_nodes.tsv	2025-11-25
Sodium fumarate (adjust pH to 7.0)	CHEBI:115156	CHEBI	disodium fumarate	chebi_normalized	chebi_nodes.tsv	2025-11-25
Sodium gluconate	CHEBI:84997	CHEBI	sodium gluconate	chebi_exact	chebi_nodes.tsv	2025-11-25
Sodium glutamate	CHEBI:64220	CHEBI	monosodium glutamate	chebi_exact	chebi_nodes.tsv	2025-11-25
Sodium glutamate monohydrate		unmapped		unmapped		2025-11-25
Sodium glutamate·H2O		unmapped		unmapped		2025-11-25
Sodium glycerophosphate	CHEBI:132089	CHEBI	sodium glycerol 2-phosphate	chebi_search	ols4_search	2025-11-25
Sodium L-lactate	CHEBI:232798	CHEBI	sodium L-lactate	chebi_exact	chebi_nodes.tsv	2025-11-25
Sodium L-malate	CHEBI:91261	CHEBI	disodium (S)-malate	chebi_exact	chebi_nodes.tsv	2025-11-25
Sodium lactate	CHEBI:75228	CHEBI	sodium lactate	chebi_exact	chebi_nodes.tsv	2025-11-25
Sodium lactate solution (50%)		unmapped		unmapped		2025-11-25
Sodium lactate solution (approx. 60%)		unmapped		unmapped		2025-11-25
sodium malate	CHEBI:91261	CHEBI	disodium (S)-malate	chebi_exact	chebi_nodes.tsv	2025-11-25
Sodium Malate And		unmapped		unmapped		2025-11-25
Sodium maleate	CHEBI:91263	CHEBI	disodium maleate	chebi_exact	chebi_nodes.tsv	2025-11-25
Sodium nitrate	CHEBI:63005	CHEBI	sodium nitrate	chebi_exact	chebi_nodes.tsv	2025-11-25
Sodium octanoate	CHEBI:132100	CHEBI	sodium octanoate	chebi_exact	chebi_nodes.tsv	2025-11-25
Sodium palmitate	CHEBI:234557	CHEBI	sodium palmitate	chebi_exact	chebi_nodes.tsv	2025-11-25
Sodium phosphate buffer (10 mM, pH 7.1)		unmapped		unmapped		2025-11-25
Sodium phosphate buffer (25 mM, pH 3.4)		unmapped		unmapped		2025-11-25
sodium phosphate dibasic	CHEBI:34683	CHEBI	disodium hydrogenphosphate	pubchem_xref	pubchem_cid:24203	2025-11-25
Sodium polygalacturonate		unmapped		unmapped		2025-11-25
Sodium Potassium phosphate buffer (0.2 M, pH 7.0)		unmapped		unmapped		2025-11-25
Sodium Potassium phosphate buffer (1 M, pH 7.3)		unmapped		unmapped		2025-11-25
Sodium pyrophosphate	CHEBI:71240	CHEBI	sodium diphosphate	chebi_exact	chebi_nodes.tsv	2025-11-25
Sodium Pyruvate	CHEBI:50144	CHEBI	sodium pyruvate	chebi_exact	chebi_nodes.tsv	2025-11-25
Sodium pyruvate (Sigma)	CHEBI:50144	CHEBI	sodium pyruvate	chebi_normalized	chebi_nodes.tsv	2025-11-25
Sodium silicate	CHEBI:60720	CHEBI	sodium silicate	chebi_exact	chebi_nodes.tsv	2025-11-25
Sodium succinate	CHEBI:63675	CHEBI	sodium succinate (anhydrous)	chebi_normalized	chebi_nodes.tsv	2025-11-25
Sodium tartrate	CHEBI:63017	CHEBI	sodium L-tartrate	chebi_exact	chebi_nodes.tsv	2025-11-25
Sodium thioglycolate	CHEBI:86481	CHEBI	sodium thioglycolate	chebi_exact	chebi_nodes.tsv	2025-11-25
Sodium β-glycerophosphate		unmapped		unmapped		2025-11-25
Sodiumcitrate		unmapped		unmapped		2025-11-25
Soil  is  prepared  as  above.    Air-dried  soil  and  twice  its  volume  of  supernatant		unmapped		unmapped		2025-11-25
Soil extract		unmapped		unmapped		2025-11-25
Soil extract (2)		unmapped		unmapped		2025-11-25
Soil Extract (SE1) ­ see recipe below		unmapped		unmapped		2025-11-25
Soil extract (see below)		unmapped		unmapped		2025-11-25
Soil extract (See Medium No.102)		unmapped		unmapped		2025-11-25
Soil extract with salts (SES ­ see recipe)		unmapped		unmapped		2025-11-25
Soil extract:		unmapped		unmapped		2025-11-25
Soil extract (*SE ­ see overleaf)		unmapped		unmapped		2025-11-25
Soil extract (3)		unmapped		unmapped		2025-11-25
Soil extract (SE1 ­ see recipe)		unmapped		unmapped		2025-11-25
Soil extract with salts (SES) ­ see below		unmapped		unmapped		2025-11-25
Soil is prepared as above.  Air­dried soil and twice its volume of supernatant		unmapped		unmapped		2025-11-25
Soja peptone		unmapped		unmapped		2025-11-25
soluble starch		unmapped		unmapped		2025-11-25
Soluble starch (BD-Difco)		unmapped		unmapped		2025-11-25
Soluble starch (Sigma)		unmapped		unmapped		2025-11-25
solution	CHEBI:75958	CHEBI	solution	chebi_exact	chebi_nodes.tsv	2025-11-25
Solution 1 (10x NMS salts):		unmapped		unmapped		2025-11-25
Solution 1 (20X Basal Salts Solution)		unmapped		unmapped		2025-11-25
Solution 1 (50x salt stock):		unmapped		unmapped		2025-11-25
Solution 1 (see below)		unmapped		unmapped		2025-11-25
solution 1.	CHEBI:39179	CHEBI	nitroguanidine	chebi_search	ols4_search	2025-11-25
Solution 1:	CHEBI:39179	CHEBI	nitroguanidine	chebi_search	ols4_search	2025-11-25
Solution 2 (see below)		unmapped		unmapped		2025-11-25
Solution 2 → NH4	CHEBI:87398	CHEBI	aluminon	chebi_search	ols4_search	2025-11-25
Solution 2:	CHEBI:51568	CHEBI	dipotassium tetraiodomercurate	chebi_search	ols4_search	2025-11-25
Solution 3 (see below)		unmapped		unmapped		2025-11-25
Solution 4 (see below)		unmapped		unmapped		2025-11-25
Solution 5 (see below)		unmapped		unmapped		2025-11-25
Solution 6 (see below)		unmapped		unmapped		2025-11-25
Solution :	CHEBI:53369	CHEBI	polyelectrolyte macromolecule	chebi_search	ols4_search	2025-11-25
SOLUTION A	CHEBI:53369	CHEBI	polyelectrolyte macromolecule	chebi_search	ols4_search	2025-11-25
Solution A (see below)		unmapped		unmapped		2025-11-25
Solution A (see Medium No.1036)		unmapped		unmapped		2025-11-25
Solution A:	CHEBI:53369	CHEBI	polyelectrolyte macromolecule	chebi_search	ols4_search	2025-11-25
solution and neutralized sulfide solution.		unmapped		unmapped		2025-11-25
Solution B	CHEBI:88183	CHEBI	Celestin blue B	chebi_search	ols4_search	2025-11-25
Solution B (see below)		unmapped		unmapped		2025-11-25
Solution B (see Medium No.1036)		unmapped		unmapped		2025-11-25
Solution B → components to distilled and bring volume to		unmapped		unmapped		2025-11-25
Solution B:	CHEBI:88183	CHEBI	Celestin blue B	chebi_search	ols4_search	2025-11-25
Solution B: Artificial sea water		unmapped		unmapped		2025-11-25
Solution C	CHEBI:7960	CHEBI	penicillenic acid	chebi_search	ols4_search	2025-11-25
solution C.	CHEBI:7960	CHEBI	penicillenic acid	chebi_search	ols4_search	2025-11-25
Solution C:	CHEBI:7960	CHEBI	penicillenic acid	chebi_search	ols4_search	2025-11-25
Solution D		unmapped		unmapped		2025-11-25
Solution D (see below)		unmapped		unmapped		2025-11-25
Solution D:		unmapped		unmapped		2025-11-25
Solution E	CHEBI:82427	CHEBI	orange G	chebi_search	ols4_search	2025-11-25
Solution F	CHEBI:229658	CHEBI	perfluorohexyloctane	chebi_search	ols4_search	2025-11-25
solution F.	CHEBI:229658	CHEBI	perfluorohexyloctane	chebi_search	ols4_search	2025-11-25
Solution G	CHEBI:43661	CHEBI	lumiflavin	chebi_search	ols4_search	2025-11-25
Solution H	CHEBI:7960	CHEBI	penicillenic acid	chebi_search	ols4_search	2025-11-25
Solution I	CHEBI:51568	CHEBI	dipotassium tetraiodomercurate	chebi_search	ols4_search	2025-11-25
Solution I (see below)		unmapped		unmapped		2025-11-25
Solution I:	CHEBI:51568	CHEBI	dipotassium tetraiodomercurate	chebi_search	ols4_search	2025-11-25
Solution II	CHEBI:51568	CHEBI	dipotassium tetraiodomercurate	chebi_search	ols4_search	2025-11-25
Solution II (see below)		unmapped		unmapped		2025-11-25
Solution II → NH4		unmapped		unmapped		2025-11-25
Solution II:	CHEBI:51568	CHEBI	dipotassium tetraiodomercurate	chebi_search	ols4_search	2025-11-25
Solution J	CHEBI:51568	CHEBI	dipotassium tetraiodomercurate	chebi_search	ols4_search	2025-11-25
solution regularly (approx. every 3 days).		unmapped		unmapped		2025-11-25
Solution „Grunnur“ (see below)		unmapped		unmapped		2025-11-25
Solution „Grunnur“:		unmapped		unmapped		2025-11-25
solution, vitamin mixture, bicarbonate solution by filtration. Prior to inoculation,		unmapped		unmapped		2025-11-25
solutions	CHEBI:27780	CHEBI	detergent	chebi_search	ols4_search	2025-11-25
solutions (see Ref. 3365).		unmapped		unmapped		2025-11-25
Sorbit or D-Glucose		unmapped		unmapped		2025-11-25
Sorbitol	CHEBI:30911	CHEBI	glucitol	chebi_exact	chebi_nodes.tsv	2025-11-25
Sorbitol or Na pyruvate		unmapped		unmapped		2025-11-25
Soution A		unmapped		unmapped		2025-11-25
Soy peptone	CHEBI:8150	CHEBI	Enzymatic digest of soybean meal	microbio_products	curated	2025-11-25
Soya peptone		unmapped		unmapped		2025-11-25
soya peptone (BD Soytone)		unmapped		unmapped		2025-11-25
soyton		unmapped		unmapped		2025-11-25
Soytone	CHEBI:8150	CHEBI	Enzymatic digest of soybean meal	microbio_products	curated	2025-11-25
Soytone (BD-Difco) or Phytone peptone (BD-BBL)		unmapped		unmapped		2025-11-25
Soytone (Difco 0436)		unmapped		unmapped		2025-11-25
Soytone (Difco)		unmapped		unmapped		2025-11-25
Special mixture of peptones		unmapped		unmapped		2025-11-25
SrCl		unmapped		unmapped		2025-11-25
SrCl 2		unmapped		unmapped		2025-11-25
SrCl2	CHEBI:36383	CHEBI	strontium dichloride	chebi_exact	chebi_nodes.tsv	2025-11-25
SrCl2 (0.1% w/v)	CHEBI:36383	CHEBI	strontium dichloride	chebi_normalized	chebi_nodes.tsv	2025-11-25
SrCl2 (0.15M)	CHEBI:36383	CHEBI	strontium dichloride	chebi_normalized	chebi_nodes.tsv	2025-11-25
SrCl2 x 6 H2O	CHEBI:36383	CHEBI	strontium dichloride	chebi_normalized	chebi_nodes.tsv	2025-11-25
SrCl2 x 6 H2O (0.1% w/v)	CHEBI:36383	CHEBI	strontium dichloride	chebi_normalized	chebi_nodes.tsv	2025-11-25
SrCl2.6H2O	CHEBI:36385	CHEBI	strontium dichloride hexahydrate	chebi_exact	chebi_nodes.tsv	2025-11-25
SrCl2·6H2O	CHEBI:36383	CHEBI	strontium dichloride	chebi_normalized	chebi_nodes.tsv	2025-11-25
SrSO4		unmapped		unmapped		2025-11-25
SSE (double concentrated) (see below)		unmapped		unmapped		2025-11-25
SSE (double concentrated):		unmapped		unmapped		2025-11-25
Standard I Broth (Merck)		unmapped		unmapped		2025-11-25
Standard mineral base (see below)		unmapped		unmapped		2025-11-25
Stanier  RY,  Kunisawa  R,  Mandel  M  &  Cohen-Bazire  G  (1971)  Purification  and		unmapped		unmapped		2025-11-25
Starch	CHEBI:28017	CHEBI	starch	chebi_exact	chebi_nodes.tsv	2025-11-25
Starch (soluble)	CHEBI:28017	CHEBI	starch	chebi_normalized	chebi_nodes.tsv	2025-11-25
Starch soluble		unmapped		unmapped		2025-11-25
Starch solution (see below)		unmapped		unmapped		2025-11-25
Starch, soluble		unmapped		unmapped		2025-11-25
Stearic acid	CHEBI:28842	CHEBI	octadecanoic acid	chebi_exact	chebi_nodes.tsv	2025-11-25
Steric solution (see below)		unmapped		unmapped		2025-11-25
Sterile 1% "Marmite" solution (3)		unmapped		unmapped		2025-11-25
Sterile buffered saline (1)		unmapped		unmapped		2025-11-25
Sterkenhofweg 13, 47807 Krefeld, Germany)		unmapped		unmapped		2025-11-25
stirred continuously to avoid precipitation of elemental sulfur. The final solution should		unmapped		unmapped		2025-11-25
stirred continuously to avoid precipitation of elemental sulfur. The final solution should be		unmapped		unmapped		2025-11-25
Stock	CHEBI:85267	CHEBI	flumequine	chebi_search	ols4_search	2025-11-25
Stock A	CHEBI:85267	CHEBI	flumequine	chebi_search	ols4_search	2025-11-25
Stock B		unmapped		unmapped		2025-11-25
stock solution		unmapped		unmapped		2025-11-25
Stock solution 1		unmapped		unmapped		2025-11-25
Stock solution 2		unmapped		unmapped		2025-11-25
Stock solution 2 (SE2)		unmapped		unmapped		2025-11-25
Stock solution 3 (SE1)		unmapped		unmapped		2025-11-25
Stock solution 3 (Trace elements)		unmapped		unmapped		2025-11-25
Stock solution 4 (Vitamin mix)		unmapped		unmapped		2025-11-25
Stock solution 9		unmapped		unmapped		2025-11-25
Stock solution:		unmapped		unmapped		2025-11-25
Stock Solutions		unmapped		unmapped		2025-11-25
Stock solutions 2 - 8		unmapped		unmapped		2025-11-25
Stock solutions in g / 1000 ml water		unmapped		unmapped		2025-11-25
Stocks		unmapped		unmapped		2025-11-25
Stocks (SES stocks)		unmapped		unmapped		2025-11-25
Stocks for the media:		unmapped		unmapped		2025-11-25
stocks. Bring volume to 1 litre with deionised water. Filter sterilise and store frozen.		unmapped		unmapped		2025-11-25
Stock Solutions		unmapped		unmapped		2025-11-25
Stock solutions (1) and (2)		unmapped		unmapped		2025-11-25
Stock solutions 1 ­ 3		unmapped		unmapped		2025-11-25
Stock solutions 1 ­ 6		unmapped		unmapped		2025-11-25
Stock solutions 7 ­ 10		unmapped		unmapped		2025-11-25
Substrate (glucose, chitin etc.)		unmapped		unmapped		2025-11-25
Substrate solution (see below)		unmapped		unmapped		2025-11-25
Succinate	CHEBI:26806	CHEBI	succinate	chebi_exact	chebi_nodes.tsv	2025-11-25
Succinic acid	CHEBI:15741	CHEBI	succinic acid	chebi_exact	chebi_nodes.tsv	2025-11-25
Sucrose	CHEBI:17992	CHEBI	sucrose	chebi_exact	chebi_nodes.tsv	2025-11-25
Sucrose (20%, w/v)	CHEBI:17992	CHEBI	sucrose	chebi_normalized	chebi_nodes.tsv	2025-11-25
Sugar mix		unmapped		unmapped		2025-11-25
Sugar solution		unmapped		unmapped		2025-11-25
Sugar solution (250 mM each of xylose, maltose and cellobiose)		unmapped		unmapped		2025-11-25
Sulfolobus medium (see Medium No.165)		unmapped		unmapped		2025-11-25
Sulfur	CHEBI:17909	CHEBI	polysulfur	chebi_exact	chebi_nodes.tsv	2025-11-25
Sulfur (for anaerobic media only)	CHEBI:17909	CHEBI	polysulfur	chebi_normalized	chebi_nodes.tsv	2025-11-25
Sulfur (powder)	CHEBI:17909	CHEBI	polysulfur	chebi_normalized	chebi_nodes.tsv	2025-11-25
supernatant is then decanted and filtered through Whatman No 1 filter paper, then		unmapped		unmapped		2025-11-25
supernatant is then decanted and filtered through Whatman No 1 filter paper, then		unmapped		unmapped		2025-11-25
supplement solutions (see Ref. 3365).		unmapped		unmapped		2025-11-25
Surfactant (Plysurf A210G,		unmapped		unmapped		2025-11-25
SW-25 solution (see below)		unmapped		unmapped		2025-11-25
Swine serum (heat-inactivated)		unmapped		unmapped		2025-11-25
synanthrin		unmapped		unmapped		2025-11-25
Synthetic seawater (2 x conc.)		unmapped		unmapped		2025-11-25
Synthetic seawater (2 x, see below)		unmapped		unmapped		2025-11-25
Synthetic seawater (2 x, see Medium No.244)		unmapped		unmapped		2025-11-25
Synthetic seawater (2 x, see Medium No.590)		unmapped		unmapped		2025-11-25
Synthetic seawater mix		unmapped		unmapped		2025-11-25
T-Trace Metal Mix *		unmapped		unmapped		2025-11-25
take 1 ml of this solution and add		unmapped		unmapped		2025-11-25
Tap water		unmapped		unmapped		2025-11-25
TAPS sodium salt (SIGMA)		unmapped		unmapped		2025-11-25
TAPSO		unmapped		unmapped		2025-11-25
TC Yeastolate (BD-Difco)		unmapped		unmapped		2025-11-25
Tea (leaves, black)	CHEBI:28621	CHEBI	triethanolamine	chebi_normalized	chebi_nodes.tsv	2025-11-25
Tel: +44 (0)1631 559000  Fax: +44 (0)1631 559001		unmapped		unmapped		2025-11-25
Tel: +44 (0)1631 559000  Fax: +44 (0)1631 559001  Email: ccap@sams.ac.uk  Web: www.ccap.ac.uk		unmapped		unmapped		2025-11-25
Tel: +44 (0)1631 559000  Fax: +44 (0)1631 559001  Email: ccap@sams.ac.uk  Web: www.ccap.ac.uk		unmapped		unmapped		2025-11-25
TES	CHEBI:39035	CHEBI	TES	chebi_exact	chebi_nodes.tsv	2025-11-25
Tetrachloroethene	CHEBI:17300	CHEBI	tetrachloroethene	chebi_exact	chebi_nodes.tsv	2025-11-25
Tetramethyl ammonium	CHEBI:63307	CHEBI	10-deoxymethymycin(1+)	chebi_search	ols4_search	2025-11-25
The  sieved  soil  should  be  spread  to  air  dry  and  hand  picked  for  smaller		unmapped		unmapped		2025-11-25
the agar will darken and degrade.		unmapped		unmapped		2025-11-25
the boil and cool to room temperature while gassing with N2 : CO2 (80:20). Close vessels		unmapped		unmapped		2025-11-25
The pH should be 10.5 after autoclaving		unmapped		unmapped		2025-11-25
the phosphate buffer is added - if too warm the phosphate will precipitate.		unmapped		unmapped		2025-11-25
The strains DSM xxxx only grow on agar based media and not in liquid media. The gas		unmapped		unmapped		2025-11-25
The sulfide solution is prepared in a 250 ml screw-capped bottle with a butyl rubber		unmapped		unmapped		2025-11-25
the trace elements, and 0.1 ml of solution 2. If solid media is required add 1.5% agar.		unmapped		unmapped		2025-11-25
then make up to 1 litre with 2% NaCl.		unmapped		unmapped		2025-11-25
Thermococcus medium (see Medium No.280)		unmapped		unmapped		2025-11-25
Thermoproteus tenax (DSM 2078)		unmapped		unmapped		2025-11-25
These solutions must not be prepared under anaerobic conditions.		unmapped		unmapped		2025-11-25
The sieved soil should be spread to air dry and hand picked for smaller		unmapped		unmapped		2025-11-25
the two bottles.  Mix thoroughly by shaking.		unmapped		unmapped		2025-11-25
Thiamin HCl	CHEBI:135636	CHEBI	fursultiamine	chebi_search	ols4_search	2025-11-25
Thiamin-HCl	CHEBI:135636	CHEBI	fursultiamine	chebi_search	ols4_search	2025-11-25
Thiamine	CHEBI:18385	CHEBI	thiamine(1+)	chebi_exact	chebi_nodes.tsv	2025-11-25
Thiamine (B1)	CHEBI:18385	CHEBI	thiamine(1+)	chebi_normalized	chebi_nodes.tsv	2025-11-25
Thiamine Dihydrochloride		unmapped		unmapped		2025-11-25
Thiamine HCl	CHEBI:49105	CHEBI	thiamine hydrochloride	chebi_exact	chebi_nodes.tsv	2025-11-25
Thiamine HCl (B1)	CHEBI:49105	CHEBI	thiamine hydrochloride	chebi_normalized	chebi_nodes.tsv	2025-11-25
Thiamine HCl (Vitamin B1)	CHEBI:49105	CHEBI	thiamine hydrochloride	chebi_normalized	chebi_nodes.tsv	2025-11-25
Thiamine pyrophosphate	CHEBI:18290	CHEBI	thiamine(1+) diphosphate chloride	chebi_exact	chebi_nodes.tsv	2025-11-25
Thiamine solution (see below)		unmapped		unmapped		2025-11-25
Thiamine solution (see Medium No.403)		unmapped		unmapped		2025-11-25
Thiamine solution (see Medium No.403)*		unmapped		unmapped		2025-11-25
Thiamine solution* (see Medium No.403)		unmapped		unmapped		2025-11-25
Thiamine-HCl	CHEBI:135636	CHEBI	fursultiamine	chebi_search	ols4_search	2025-11-25
Thiamine-HCl x 2 H2O		unmapped		unmapped		2025-11-25
Thiamine HCl	CHEBI:49105	CHEBI	thiamine hydrochloride	chebi_normalized	chebi_nodes.tsv	2025-11-25
Thiamine·HCl		unmapped		unmapped		2025-11-25
Thiamine·HCl (see below)		unmapped		unmapped		2025-11-25
Thiamine·HCl·2H2O		unmapped		unmapped		2025-11-25
Thioctic acid	CHEBI:16494	CHEBI	lipoic acid	chebi_exact	chebi_nodes.tsv	2025-11-25
Thioglycolate	CHEBI:30066	CHEBI	thioglycolate(1-)	chebi_exact	chebi_nodes.tsv	2025-11-25
Thioglycolate-ascorbate solution* (see below)		unmapped		unmapped		2025-11-25
Thiosulfate (final concentration)	CHEBI:16094	CHEBI	thiosulfate(2-)	chebi_normalized	chebi_nodes.tsv	2025-11-25
This  medium  is  made  up  in  2  parts  which  are  autoclaved  separately  and  mixed		unmapped		unmapped		2025-11-25
Titriplex1 (nitrilotriacetic acid)		unmapped		unmapped		2025-11-25
to about 7.0 by adding of sterile 2 M H2SO4 drop-wise with a syringe without opening		unmapped		unmapped		2025-11-25
To be added later:		unmapped		unmapped		2025-11-25
to inoculation. They will stay pink coloured.		unmapped		unmapped		2025-11-25
To solid media add 15.0g/l agar.		unmapped		unmapped		2025-11-25
Todd Hewitt Broth (BD-Difco)		unmapped		unmapped		2025-11-25
Toluene	CHEBI:17578	CHEBI	toluene	chebi_exact	chebi_nodes.tsv	2025-11-25
Tomato juice solution (see below)		unmapped		unmapped		2025-11-25
Tomato juice, filtered		unmapped		unmapped		2025-11-25
top up to 100 ml with deionised water ensuring to check pH remains at 7.2.		unmapped		unmapped		2025-11-25
Total Salts (see below)		unmapped		unmapped		2025-11-25
TPP/VFA mixture (see below)		unmapped		unmapped		2025-11-25
Trace element (see below)		unmapped		unmapped		2025-11-25
Trace element sol. SL-10		unmapped		unmapped		2025-11-25
Trace element sol. SL-4 (see below)		unmapped		unmapped		2025-11-25
Trace element solution		unmapped		unmapped		2025-11-25
Trace element solution (A)		unmapped		unmapped		2025-11-25
Trace element solution (KevbrinV.V.,1992)		unmapped		unmapped		2025-11-25
Trace element solution (mg per 200 ml)		unmapped		unmapped		2025-11-25
Trace element solution (mg per 200 ml) → NH4		unmapped		unmapped		2025-11-25
Trace element solution (mg per 200 ml) → SO4		unmapped		unmapped		2025-11-25
Trace Element Solution (Pfennig & Lippert):		unmapped		unmapped		2025-11-25
Trace Element Solution (see below)		unmapped		unmapped		2025-11-25
Trace element solution (see Medium No. 1079])		unmapped		unmapped		2025-11-25
Trace element solution (see Medium No.1079)		unmapped		unmapped		2025-11-25
Trace element solution (see Medium No.128)		unmapped		unmapped		2025-11-25
Trace element solution (see Medium No.167)		unmapped		unmapped		2025-11-25
Trace element solution (see Medium No.187		unmapped		unmapped		2025-11-25
Trace element solution (see Medium No.187)		unmapped		unmapped		2025-11-25
Trace element solution (see Medium No.231)		unmapped		unmapped		2025-11-25
Trace element solution (see Medium No.243)		unmapped		unmapped		2025-11-25
Trace element solution (see Medium No.284)		unmapped		unmapped		2025-11-25
Trace element solution (see Medium No.294)		unmapped		unmapped		2025-11-25
Trace element solution (see Medium No.301)		unmapped		unmapped		2025-11-25
Trace element solution (see Medium No.439)		unmapped		unmapped		2025-11-25
Trace element solution (see Medium No.483)		unmapped		unmapped		2025-11-25
Trace element solution (see Medium No.741)		unmapped		unmapped		2025-11-25
Trace element solution (see Medium No.748)		unmapped		unmapped		2025-11-25
Trace element solution (see Medium No.899)		unmapped		unmapped		2025-11-25
Trace element solution (SL-7)		unmapped		unmapped		2025-11-25
Trace element solution (SL10)		unmapped		unmapped		2025-11-25
Trace element solution (SL7)		unmapped		unmapped		2025-11-25
Trace element solution A → NO3		unmapped		unmapped		2025-11-25
Trace element solution Ho-le:		unmapped		unmapped		2025-11-25
Trace element solution see below)		unmapped		unmapped		2025-11-25
Trace element solution SL 4		unmapped		unmapped		2025-11-25
Trace element solution SL 6 (see below)		unmapped		unmapped		2025-11-25
Trace element solution SL 7		unmapped		unmapped		2025-11-25
Trace element solution SL-10		unmapped		unmapped		2025-11-25
Trace element solution SL-10  (see below)		unmapped		unmapped		2025-11-25
Trace element solution SL-10 (see below)		unmapped		unmapped		2025-11-25
Trace element solution SL-10 (see Medium No.433)		unmapped		unmapped		2025-11-25
Trace element solution SL-10 B		unmapped		unmapped		2025-11-25
Trace element solution SL-10* (see Medium No.433), 10-fold diluted		unmapped		unmapped		2025-11-25
Trace element solution SL-10:		unmapped		unmapped		2025-11-25
Trace element solution SL-11		unmapped		unmapped		2025-11-25
Trace element solution SL-11 (see below)		unmapped		unmapped		2025-11-25
Trace element solution SL-12 (see below)		unmapped		unmapped		2025-11-25
Trace element solution SL-12 (see Medium No.496)		unmapped		unmapped		2025-11-25
Trace element solution SL-12 B		unmapped		unmapped		2025-11-25
Trace element solution SL-4		unmapped		unmapped		2025-11-25
Trace element solution SL-4 (see below)		unmapped		unmapped		2025-11-25
Trace element solution SL-4:		unmapped		unmapped		2025-11-25
Trace element solution SL-6		unmapped		unmapped		2025-11-25
Trace element solution SL-6 (see below)		unmapped		unmapped		2025-11-25
Trace element solution SL-6:		unmapped		unmapped		2025-11-25
Trace element solution SL-7		unmapped		unmapped		2025-11-25
Trace element solution SL-7:		unmapped		unmapped		2025-11-25
Trace element solution SL-7a (see below)		unmapped		unmapped		2025-11-25
Trace element solution SL-7a:		unmapped		unmapped		2025-11-25
Trace element solution SL-8		unmapped		unmapped		2025-11-25
Trace element solution SL-8:		unmapped		unmapped		2025-11-25
Trace element solution SL-9 (see below)		unmapped		unmapped		2025-11-25
Trace element solution SL10		unmapped		unmapped		2025-11-25
Trace element solution SL10 (see below)		unmapped		unmapped		2025-11-25
Trace Element Solution SL10:		unmapped		unmapped		2025-11-25
Trace element solution SL12		unmapped		unmapped		2025-11-25
Trace element solution SL12 (see below)		unmapped		unmapped		2025-11-25
Trace element solution SL12B (see below)		unmapped		unmapped		2025-11-25
Trace element solution SL7		unmapped		unmapped		2025-11-25
Trace element solution SL7 (see below)		unmapped		unmapped		2025-11-25
Trace element solution SL7 (see Medium No.516)		unmapped		unmapped		2025-11-25
Trace element solution SL7:		unmapped		unmapped		2025-11-25
Trace element solution SL8  (see below)		unmapped		unmapped		2025-11-25
Trace element solution SL8 (see below)		unmapped		unmapped		2025-11-25
Trace element solution SL8 (see Medium No.190)		unmapped		unmapped		2025-11-25
Trace element solution SLA (see below)		unmapped		unmapped		2025-11-25
Trace element solution SLA*		unmapped		unmapped		2025-11-25
Trace element solution TS2		unmapped		unmapped		2025-11-25
Trace element solution TS2:		unmapped		unmapped		2025-11-25
Trace element solution → of distilled		unmapped		unmapped		2025-11-25
Trace element solution(see Medium No.187)		unmapped		unmapped		2025-11-25
Trace element solution* (see below)		unmapped		unmapped		2025-11-25
Trace Element Solution:		unmapped		unmapped		2025-11-25
Trace element stock solution (see below)		unmapped		unmapped		2025-11-25
Trace Elements	CHEBI:27027	CHEBI	micronutrient	chebi_exact	chebi_nodes.tsv	2025-11-25
Trace elements (A)	CHEBI:27027	CHEBI	micronutrient	chebi_normalized	chebi_nodes.tsv	2025-11-25
trace elements (Pfennig) (see below)	CHEBI:27027	CHEBI	micronutrient	chebi_normalized	chebi_nodes.tsv	2025-11-25
Trace elements (see below)	CHEBI:27027	CHEBI	micronutrient	chebi_normalized	chebi_nodes.tsv	2025-11-25
Trace elements (see Medium No.621)	CHEBI:27027	CHEBI	micronutrient	chebi_normalized	chebi_nodes.tsv	2025-11-25
Trace elements N1 (see below)		unmapped		unmapped		2025-11-25
Trace elements SL-6 (see below)		unmapped		unmapped		2025-11-25
Trace elements SL-8 (see below)		unmapped		unmapped		2025-11-25
Trace elements solution		unmapped		unmapped		2025-11-25
Trace elements solution (below)		unmapped		unmapped		2025-11-25
Trace elements solution (Pfennig, 1965)		unmapped		unmapped		2025-11-25
Trace Elements Solution (see below)		unmapped		unmapped		2025-11-25
Trace elements solution (see Medium No.1030)		unmapped		unmapped		2025-11-25
Trace elements solution (see Medium No.1182)		unmapped		unmapped		2025-11-25
Trace elements solution (see Medium No.310)		unmapped		unmapped		2025-11-25
Trace elements solution N1		unmapped		unmapped		2025-11-25
Trace elements solution SL10 (see below)		unmapped		unmapped		2025-11-25
Trace elements solution VR		unmapped		unmapped		2025-11-25
Trace elements solution VR → acidified with		unmapped		unmapped		2025-11-25
Trace elements solution VR → mineral salts		unmapped		unmapped		2025-11-25
Trace elements solution VR → of NTA		unmapped		unmapped		2025-11-25
Trace elements solution VR → Separately		unmapped		unmapped		2025-11-25
Trace elements solution VR → with		unmapped		unmapped		2025-11-25
Trace elements solution → NO3		unmapped		unmapped		2025-11-25
Trace elements solution(see below)                                             1.0         ml		unmapped		unmapped		2025-11-25
Trace elements Solution:		unmapped		unmapped		2025-11-25
Trace elements stock solution (1)		unmapped		unmapped		2025-11-25
Trace elements:	CHEBI:27027	CHEBI	micronutrient	chebi_search	ols4_search	2025-11-25
Trace metal 1 solution (see below)		unmapped		unmapped		2025-11-25
Trace metal 1 solution (see Medium No.923)		unmapped		unmapped		2025-11-25
Trace metal 2 solution (see below)		unmapped		unmapped		2025-11-25
Trace metal mix		unmapped		unmapped		2025-11-25
Trace metal solution		unmapped		unmapped		2025-11-25
Trace metal solution (see below)		unmapped		unmapped		2025-11-25
Trace metal solution (see Medium No.294)		unmapped		unmapped		2025-11-25
Trace metal solution 1 (see Medium No.923)		unmapped		unmapped		2025-11-25
Trace metal solution SL12 (see Medium No.576)		unmapped		unmapped		2025-11-25
Trace metal solution → NO3		unmapped		unmapped		2025-11-25
Trace Metals (500x)		unmapped		unmapped		2025-11-25
Trace metals solution		unmapped		unmapped		2025-11-25
Trace metals stock solution (chelated) → Make up to		unmapped		unmapped		2025-11-25
Trace mineral salts solution		unmapped		unmapped		2025-11-25
Trace mineral solution (see below)		unmapped		unmapped		2025-11-25
Trace mineral solution (see Medium No.1084)		unmapped		unmapped		2025-11-25
Trace mineral solution (see Medium No.197)		unmapped		unmapped		2025-11-25
Trace mineral solution (see Medium No.324)		unmapped		unmapped		2025-11-25
Trace mineral solution (see Medium No.368)		unmapped		unmapped		2025-11-25
Trace mineral solution (see Medium No.369)		unmapped		unmapped		2025-11-25
Trace mineral solution (see Medium No.411)		unmapped		unmapped		2025-11-25
Trace mineral solution (see Medium No.412)		unmapped		unmapped		2025-11-25
Trace mineral solution (see Medium No.446)		unmapped		unmapped		2025-11-25
Trace mineral solution (see Medium No.508)		unmapped		unmapped		2025-11-25
Trace mineral solution (see Medium No.523)		unmapped		unmapped		2025-11-25
Trace mineral solution (see Medium No.684)		unmapped		unmapped		2025-11-25
Trace mineral solution (see Medium No.852)		unmapped		unmapped		2025-11-25
Trace mineral solution:		unmapped		unmapped		2025-11-25
Trace minerals (see below)		unmapped		unmapped		2025-11-25
Trace minerals (see Medium No.151		unmapped		unmapped		2025-11-25
Trace minerals (see Medium No.151)		unmapped		unmapped		2025-11-25
Trace minerals (see Medium No.197		unmapped		unmapped		2025-11-25
Trace minerals (see Medium No.243)		unmapped		unmapped		2025-11-25
Trace minerals (see Medium No.324)		unmapped		unmapped		2025-11-25
Trace minerals solution (see below)		unmapped		unmapped		2025-11-25
Trace minerals solution (see Medium No.228)		unmapped		unmapped		2025-11-25
Trace minerals(see Medium No.151)		unmapped		unmapped		2025-11-25
Trace salt solution (see below)		unmapped		unmapped		2025-11-25
Trace salt solution:		unmapped		unmapped		2025-11-25
Trace salts solution (see below)		unmapped		unmapped		2025-11-25
Trace Solution (see below)		unmapped		unmapped		2025-11-25
Trace Solution:		unmapped		unmapped		2025-11-25
Trace vitamin (see Medium No.197)		unmapped		unmapped		2025-11-25
Trace vitamins (see below)		unmapped		unmapped		2025-11-25
Trace vitamins (See Medium No.197)		unmapped		unmapped		2025-11-25
Trace vitamins (see Medium No.197)*		unmapped		unmapped		2025-11-25
Trace vitamins (see next page)		unmapped		unmapped		2025-11-25
Trace vitamins solution (see below)		unmapped		unmapped		2025-11-25
Trace vitamins solution (see Medium No.284)		unmapped		unmapped		2025-11-25
Trace vitamins solution (see Medium No.284)*		unmapped		unmapped		2025-11-25
Trace vitamins solution (see Medium No.682)		unmapped		unmapped		2025-11-25
Trace vitamins(see Medium No.197)		unmapped		unmapped		2025-11-25
Trace vitamins* (see Medium No. 197)		unmapped		unmapped		2025-11-25
Trace vitamins* (see Medium No.197)		unmapped		unmapped		2025-11-25
Trace x 10 solution (see below)		unmapped		unmapped		2025-11-25
Traceelements solution		unmapped		unmapped		2025-11-25
Trace element solution (2)		unmapped		unmapped		2025-11-25
Add to  1000  ml  of  distilled water		unmapped		unmapped		2025-11-25
Trace element solution (6)		unmapped		unmapped		2025-11-25
Trace element solution (7)		unmapped		unmapped		2025-11-25
trace element solution (see below)		unmapped		unmapped		2025-11-25
(8)  vitamin B1 (see below)	CHEBI:18385	CHEBI	thiamine(1+)	chebi_normalized	chebi_nodes.tsv	2025-11-25
(9)  vitamin B12  (see below)	CHEBI:176843	CHEBI	vitamin B12	chebi_normalized	chebi_nodes.tsv	2025-11-25
Trace metals stock solution (chelated) (1)		unmapped		unmapped		2025-11-25
Trace metal mix		unmapped		unmapped		2025-11-25
trans-Cinnamic acid	CHEBI:35697	CHEBI	trans-cinnamic acid	chebi_exact	chebi_nodes.tsv	2025-11-25
transfer onto agar plates.		unmapped		unmapped		2025-11-25
Tri-Na citrate		unmapped		unmapped		2025-11-25
Tri-sodium citrate	CHEBI:53258	CHEBI	sodium citrate	pubchem_xref	pubchem_cid:6224	2025-11-25
Triethanolamine	CHEBI:28621	CHEBI	triethanolamine	chebi_exact	chebi_nodes.tsv	2025-11-25
trimethoxybenzoate	CHEBI:165215	CHEBI	Ethyl 3,4,5-trimethoxybenzoate	chebi_search	ols4_search	2025-11-25
Trimethylamine-HCl		unmapped		unmapped		2025-11-25
Trimethylamine·HCl		unmapped		unmapped		2025-11-25
TRIS	CHEBI:82282	CHEBI	tris(2,3-dibromopropyl) phosphate	chebi_exact	chebi_nodes.tsv	2025-11-25
Tris (1M, pH 8.0)	CHEBI:82282	CHEBI	tris(2,3-dibromopropyl) phosphate	chebi_normalized	chebi_nodes.tsv	2025-11-25
Tris (hydroxymethyl aminomethane)	CHEBI:82282	CHEBI	tris(2,3-dibromopropyl) phosphate	chebi_normalized	chebi_nodes.tsv	2025-11-25
Tris [tris(hydroxymethyl)aminomethane]	CHEBI:66869	CHEBI	tris acetate	chebi_search	ols4_search	2025-11-25
Tris base	CHEBI:9754	CHEBI	tris	chebi_exact	chebi_nodes.tsv	2025-11-25
Tris buffer (1 M pH 8.0)	CHEBI:9754	CHEBI	tris	chebi_normalized	chebi_nodes.tsv	2025-11-25
Tris buffer 1M		unmapped		unmapped		2025-11-25
Tris HCl	CHEBI:132753	CHEBI	triethanolamine hydrochloride	chebi_search	ols4_search	2025-11-25
Tris(hydroxymethyl)aminomethane	CHEBI:9754	CHEBI	tris	chebi_exact	chebi_nodes.tsv	2025-11-25
Tris(hydroxymethyl)methylamine	CHEBI:9754	CHEBI	tris	pubchem_xref	pubchem_cid:6503	2025-11-25
Tris-HCl	CHEBI:132753	CHEBI	triethanolamine hydrochloride	chebi_search	ols4_search	2025-11-25
Tris-HCl (1M, pH 7.5)		unmapped		unmapped		2025-11-25
Tris-HCl buffer		unmapped		unmapped		2025-11-25
Tris-HCl buffer (0.05 M, pH 7.5)		unmapped		unmapped		2025-11-25
Tris-HCl buffer (1 M, pH 7.5)		unmapped		unmapped		2025-11-25
Tris-HCl buffer, 0.1 M, pH 7.5		unmapped		unmapped		2025-11-25
Tris/HCl-buffer 10mM, pH 7.8		unmapped		unmapped		2025-11-25
Trisodium citrate	CHEBI:53258	CHEBI	sodium citrate	chebi_exact	chebi_nodes.tsv	2025-11-25
Trisodium citrate dehydrate		unmapped		unmapped		2025-11-25
Trisodium Citrate Dihydrate	CHEBI:32142	CHEBI	sodium citrate dihydrate	pubchem_xref	pubchem_cid:71474	2025-11-25
Trisodium citrate x 2 H2O	CHEBI:53258	CHEBI	sodium citrate	chebi_normalized	chebi_nodes.tsv	2025-11-25
Trisodium citrate·2H2O	CHEBI:53258	CHEBI	sodium citrate	chebi_normalized	chebi_nodes.tsv	2025-11-25
Trisodium citrate·3H2O	CHEBI:53258	CHEBI	sodium citrate	chebi_normalized	chebi_nodes.tsv	2025-11-25
Trisodium citrate·H2O		unmapped		unmapped		2025-11-25
Tris [tris(hydroxymethyl)aminomethane]	CHEBI:66869	CHEBI	tris acetate	chebi_search	ols4_search	2025-11-25
Tris·HCl		unmapped		unmapped		2025-11-25
Tropic Marine salt		unmapped		unmapped		2025-11-25
True Blue Trace elements (see below)		unmapped		unmapped		2025-11-25
True Blue Trace Elements:		unmapped		unmapped		2025-11-25
Trypsin (Sigma-Aldrich)	CHEBI:9765	CHEBI	Trypsin	chebi_normalized	chebi_nodes.tsv	2025-11-25
Trypt. Peptone		unmapped		unmapped		2025-11-25
Tryptic Digest of beef heart		unmapped		unmapped		2025-11-25
Trypticase	CHEBI:78018	CHEBI	Enzymatic digest of casein rich in tryptophan	microbio_products	curated	2025-11-25
Trypticase (BBL 11921)		unmapped		unmapped		2025-11-25
Trypticase (BBL)		unmapped		unmapped		2025-11-25
Trypticase (BD BBL)		unmapped		unmapped		2025-11-25
Trypticase Pepton		unmapped		unmapped		2025-11-25
Trypticase peptone		unmapped		unmapped		2025-11-25
Trypticase peptone (BBL)		unmapped		unmapped		2025-11-25
Trypticase peptone (BD BACTO)		unmapped		unmapped		2025-11-25
Trypticase peptone (BD BBL)		unmapped		unmapped		2025-11-25
Trypticase peptone (BD-BBL)		unmapped		unmapped		2025-11-25
Trypticase soy agar (BD-BBL)		unmapped		unmapped		2025-11-25
Trypticase soy broth		unmapped		unmapped		2025-11-25
Trypticase soy broth (BD BACTO)		unmapped		unmapped		2025-11-25
Trypticase soy broth (BD BBL)		unmapped		unmapped		2025-11-25
Trypticase soy broth (BD-BBL)		unmapped		unmapped		2025-11-25
Trypticase Soy Broth with Yeast Extract (TSY)		unmapped		unmapped		2025-11-25
Trypto-soya agar (Nissui)		unmapped		unmapped		2025-11-25
Trypton (BD211921)		unmapped		unmapped		2025-11-25
Trypton Soja Broth (Oxoid)		unmapped		unmapped		2025-11-25
tryptone	CHEBI:78018	CHEBI	Enzymatic digest of casein rich in tryptophan	microbio_products	curated	2025-11-25
Tryptone (Bacto Trypton 211705)		unmapped		unmapped		2025-11-25
Tryptone (Bacto)		unmapped		unmapped		2025-11-25
Tryptone (BD 211705)		unmapped		unmapped		2025-11-25
Tryptone (BD 211921)		unmapped		unmapped		2025-11-25
Tryptone (BD Bacto)		unmapped		unmapped		2025-11-25
Tryptone (BD BBL)		unmapped		unmapped		2025-11-25
Tryptone (BD-Difco)		unmapped		unmapped		2025-11-25
Tryptone (BD211921)		unmapped		unmapped		2025-11-25
Tryptone (Difco 0123)		unmapped		unmapped		2025-11-25
Tryptone (Difco)		unmapped		unmapped		2025-11-25
Tryptone (Oxoid)		unmapped		unmapped		2025-11-25
Tryptone Peptone		unmapped		unmapped		2025-11-25
Tryptone peptone (Bacto BD)		unmapped		unmapped		2025-11-25
Tryptone peptone (Difco)		unmapped		unmapped		2025-11-25
Tryptone Soy Broth		unmapped		unmapped		2025-11-25
tryptone/yeast/beef (tyb)		unmapped		unmapped		2025-11-25
Tryptose (BD-Difco)		unmapped		unmapped		2025-11-25
Tween 20	CHEBI:53424	CHEBI	polysorbate 20	chebi_exact	chebi_nodes.tsv	2025-11-25
Tween 60	CHEBI:53425	CHEBI	polysorbate 60	chebi_exact	chebi_nodes.tsv	2025-11-25
Tween 80	CHEBI:53426	CHEBI	polysorbate 80	chebi_exact	chebi_nodes.tsv	2025-11-25
TYC-solution		unmapped		unmapped		2025-11-25
TYC-solution → Prepare and autoclave under		unmapped		unmapped		2025-11-25
UBS solution (see below)		unmapped		unmapped		2025-11-25
UBS solution (see Medium No.729)		unmapped		unmapped		2025-11-25
under aerobic conditions. Plates are then preincubated under anaerobic conditions prior		unmapped		unmapped		2025-11-25
Universal peptone (Merck)		unmapped		unmapped		2025-11-25
Unknown Solution → of air-dried garden soil		unmapped		unmapped		2025-11-25
Unknown Solution → Suspend		unmapped		unmapped		2025-11-25
UNPUBLISHED)		unmapped		unmapped		2025-11-25
Uracil	CHEBI:17568	CHEBI	uracil	chebi_exact	chebi_nodes.tsv	2025-11-25
Urea	CHEBI:16199	CHEBI	urea	chebi_exact	chebi_nodes.tsv	2025-11-25
V8 canned vegetable juice (Campbell)		unmapped		unmapped		2025-11-25
Valeric acid	CHEBI:17418	CHEBI	valeric acid	chebi_exact	chebi_nodes.tsv	2025-11-25
Veal infusion broth (Difco 0344)		unmapped		unmapped		2025-11-25
VFA mix (see below)		unmapped		unmapped		2025-11-25
VFA solution (see below)		unmapped		unmapped		2025-11-25
VFA solution (see Medium No.133)		unmapped		unmapped		2025-11-25
Visniac Trace Elements		unmapped		unmapped		2025-11-25
Visniac Trace Elements (1000x):		unmapped		unmapped		2025-11-25
Visniac trace elements (see below)		unmapped		unmapped		2025-11-25
Visniac trace elements (see Medium No.884)		unmapped		unmapped		2025-11-25
Vitamin 3	CHEBI:176839	CHEBI	vitamin B3	chebi_search	ols4_search	2025-11-25
Vitamin B solution (see below)		unmapped		unmapped		2025-11-25
Vitamin B12	CHEBI:176843	CHEBI	vitamin B12	chebi_exact	chebi_nodes.tsv	2025-11-25
Vitamin B12 (0.02 g/l stock solution)	CHEBI:176843	CHEBI	vitamin B12	chebi_normalized	chebi_nodes.tsv	2025-11-25
Vitamin B12 (0.1%)(add after autoclaving)	CHEBI:176843	CHEBI	vitamin B12	chebi_normalized	chebi_nodes.tsv	2025-11-25
Vitamin B12 (10 mg/100ml H2O)	CHEBI:176843	CHEBI	vitamin B12	chebi_normalized	chebi_nodes.tsv	2025-11-25
Vitamin B12 (20mg/l)	CHEBI:176843	CHEBI	vitamin B12	chebi_normalized	chebi_nodes.tsv	2025-11-25
Vitamin B12 (20mg/ml)	CHEBI:176843	CHEBI	vitamin B12	chebi_normalized	chebi_nodes.tsv	2025-11-25
Vitamin B12 (50 mg/l)	CHEBI:176843	CHEBI	vitamin B12	chebi_normalized	chebi_nodes.tsv	2025-11-25
Vitamin B12 solution (0.01%)		unmapped		unmapped		2025-11-25
Vitamin B12 solution (10 mg in 100 ml H2O)		unmapped		unmapped		2025-11-25
Vitamin B12 solution (2mg/100ml)		unmapped		unmapped		2025-11-25
Vitamin B12 solution* (see Medium No.403)		unmapped		unmapped		2025-11-25
Vitamin B12(2 mg/ml)	CHEBI:176843	CHEBI	vitamin B12	chebi_normalized	chebi_nodes.tsv	2025-11-25
Vitamin B12(20 µg/ml) (filter-sterilized)	CHEBI:176843	CHEBI	vitamin B12	chebi_normalized	chebi_nodes.tsv	2025-11-25
Vitamin B12solution (20 µg/L)		unmapped		unmapped		2025-11-25
Vitamin B12solution (Medium No.403)		unmapped		unmapped		2025-11-25
Vitamin B12solution (see below)		unmapped		unmapped		2025-11-25
Vitamin B12solution (see Medium No.403)		unmapped		unmapped		2025-11-25
Vitamin B12solution (see Medium No.403)*		unmapped		unmapped		2025-11-25
Vitamin B12solution* (see Medium No.403)		unmapped		unmapped		2025-11-25
Vitamin K1 (0.5% sol. in ethanol)	CHEBI:18067	CHEBI	phylloquinone	chebi_normalized	chebi_nodes.tsv	2025-11-25
Vitamin K1 (see below)	CHEBI:18067	CHEBI	phylloquinone	chebi_normalized	chebi_nodes.tsv	2025-11-25
Vitamin K1 solution		unmapped		unmapped		2025-11-25
Vitamin K1 solution (0.05% w/v)		unmapped		unmapped		2025-11-25
Vitamin K1 solution (see below)		unmapped		unmapped		2025-11-25
Vitamin K1solution (see below)		unmapped		unmapped		2025-11-25
Vitamin mix continued:		unmapped		unmapped		2025-11-25
Vitamin Mix Solution (see below)		unmapped		unmapped		2025-11-25
Vitamin mix stock solution (2)		unmapped		unmapped		2025-11-25
Vitamin mixture	CHEBI:90855	CHEBI	Enstilar	chebi_search	ols4_search	2025-11-25
Vitamin mixture (D)	CHEBI:90855	CHEBI	Enstilar	chebi_search	ols4_search	2025-11-25
Vitamin mixture (see below)		unmapped		unmapped		2025-11-25
Vitamin mixture(see below)		unmapped		unmapped		2025-11-25
Vitamin sol. (double conc.)(see below)		unmapped		unmapped		2025-11-25
Vitamin Solution		unmapped		unmapped		2025-11-25
Vitamin solution (filter-sterilized, see below)		unmapped		unmapped		2025-11-25
Vitamin solution (Schlegel, see below)		unmapped		unmapped		2025-11-25
Vitamin Solution (see below)		unmapped		unmapped		2025-11-25
Vitamin solution (see Medium No.197)		unmapped		unmapped		2025-11-25
Vitamin solution (see Medium No.221)		unmapped		unmapped		2025-11-25
Vitamin solution (see Medium No.304)		unmapped		unmapped		2025-11-25
Vitamin solution (see Medium No.403)		unmapped		unmapped		2025-11-25
Vitamin solution (see Medium No.403)*		unmapped		unmapped		2025-11-25
Vitamin solution (see Medium No.602)		unmapped		unmapped		2025-11-25
Vitamin solution (see Medium No.979)		unmapped		unmapped		2025-11-25
Vitamin Solution 141		unmapped		unmapped		2025-11-25
Vitamin Solution 141:		unmapped		unmapped		2025-11-25
Vitamin solution 7 (see below)		unmapped		unmapped		2025-11-25
Vitamin solution A (see below)		unmapped		unmapped		2025-11-25
Vitamin solution B (see below)		unmapped		unmapped		2025-11-25
Vitamin solution CA		unmapped		unmapped		2025-11-25
Vitamin Solution DSM 141 (see below)		unmapped		unmapped		2025-11-25
Vitamin solution I (see below)		unmapped		unmapped		2025-11-25
Vitamin solution N1		unmapped		unmapped		2025-11-25
Vitamin solution N1 (see below)		unmapped		unmapped		2025-11-25
Vitamin solution No. 6 (see below)		unmapped		unmapped		2025-11-25
Vitamin solution VA (see below)		unmapped		unmapped		2025-11-25
Vitamin solution VA*		unmapped		unmapped		2025-11-25
Vitamin solution → Make up to		unmapped		unmapped		2025-11-25
Vitamin solution* (see below)		unmapped		unmapped		2025-11-25
Vitamin solution* (see Medium No.1157)		unmapped		unmapped		2025-11-25
Vitamin solution* (see Medium No.197)		unmapped		unmapped		2025-11-25
Vitamin solution* (see Medium No.403)		unmapped		unmapped		2025-11-25
Vitamin solution* (see Medium No.556)		unmapped		unmapped		2025-11-25
Vitamin solution* (see Medium No.915)		unmapped		unmapped		2025-11-25
Vitamin solution* (see Medium No.923)		unmapped		unmapped		2025-11-25
Vitamin solution* (see Medium No.944)		unmapped		unmapped		2025-11-25
Vitamin solution** (see below), 10-fold diluted		unmapped		unmapped		2025-11-25
Vitamin solution:		unmapped		unmapped		2025-11-25
Vitamin-free casamino acids		unmapped		unmapped		2025-11-25
VitaminB12		unmapped		unmapped		2025-11-25
Vitamine mixture (Pfennig & Lippert, 1965)		unmapped		unmapped		2025-11-25
Vitamine Solution (add after autoclaving, see below)		unmapped		unmapped		2025-11-25
Vitamine Solution (see below)		unmapped		unmapped		2025-11-25
Vitamine Solution 141:		unmapped		unmapped		2025-11-25
Vitamine Solution:		unmapped		unmapped		2025-11-25
Vitamins (see below)	CHEBI:27300	CHEBI	vitamin D	chebi_normalized	chebi_nodes.tsv	2025-11-25
Vitamins mix solution (see below)		unmapped		unmapped		2025-11-25
Vitamins mix solution (see Medium No.296)		unmapped		unmapped		2025-11-25
Vitamins solution* (see below)		unmapped		unmapped		2025-11-25
Vitamin B12  (4)	CHEBI:176843	CHEBI	vitamin B12	chebi_normalized	chebi_nodes.tsv	2025-11-25
Vitamin B12  (8)	CHEBI:176843	CHEBI	vitamin B12	chebi_normalized	chebi_nodes.tsv	2025-11-25
Vitamin B12  (9)	CHEBI:176843	CHEBI	vitamin B12	chebi_normalized	chebi_nodes.tsv	2025-11-25
Vitamin B1  (3)	CHEBI:18385	CHEBI	thiamine(1+)	chebi_normalized	chebi_nodes.tsv	2025-11-25
Vitamin B1  (7)	CHEBI:18385	CHEBI	thiamine(1+)	chebi_normalized	chebi_nodes.tsv	2025-11-25
Vitamin B1  (8)	CHEBI:18385	CHEBI	thiamine(1+)	chebi_normalized	chebi_nodes.tsv	2025-11-25
Vitamin stock solution (2)		unmapped		unmapped		2025-11-25
Vitox (Oxoid) (1 vial/10 ml of rehydration fluid)		unmapped		unmapped		2025-11-25
Volatile fatty acid mixture		unmapped		unmapped		2025-11-25
volume of approx. 96 ml).		unmapped		unmapped		2025-11-25
VoSO4 x 2 H2O	CHEBI:132758	CHEBI	vanadyl sulfate pentahydrate	chebi_normalized	chebi_nodes.tsv	2025-11-25
VOSO4 x 5 H2O	CHEBI:132758	CHEBI	vanadyl sulfate pentahydrate	chebi_normalized	chebi_nodes.tsv	2025-11-25
VOSO4 x 5 H2O (0.01% w/v)	CHEBI:132758	CHEBI	vanadyl sulfate pentahydrate	chebi_normalized	chebi_nodes.tsv	2025-11-25
VOSO4·xH2O	CHEBI:87020	CHEBI	vanadyl sulfate hydrate	chebi_search	ols4_search	2025-11-25
VOSO4·xH2O (1 g/L)		unmapped		unmapped		2025-11-25
Waris-H		unmapped		unmapped		2025-11-25
water are placed in a 1 litre bottle and autoclaved once at 15 psi for 15 minutes,		unmapped		unmapped		2025-11-25
We use OXOID Legionella CYE-Agar base with Legionella BCYE supplement.		unmapped		unmapped		2025-11-25
weeks when kept at 4°C.		unmapped		unmapped		2025-11-25
with 50 g/l NaCl		unmapped		unmapped		2025-11-25
without dextrose (BBL)		unmapped		unmapped		2025-11-25
without glucose (BBL)		unmapped		unmapped		2025-11-25
Wolfe's mineral elixier (see Medium No.470)		unmapped		unmapped		2025-11-25
Wolfe's mineral elixir		unmapped		unmapped		2025-11-25
Wolfe's mineral elixir (see below)		unmapped		unmapped		2025-11-25
Wolfe's mineral elixir (see Medium No.470)		unmapped		unmapped		2025-11-25
Wolfe's mineral solution (see below)		unmapped		unmapped		2025-11-25
Wolfe's mineral solution (see Medium No.265)		unmapped		unmapped		2025-11-25
Wolfe's modified mineral elixir (see below)		unmapped		unmapped		2025-11-25
Wolfe's modified mineral elixir(see Medium No.221)		unmapped		unmapped		2025-11-25
Wolin's vitamin solution		unmapped		unmapped		2025-11-25
Wolin's vitamin solution (10x)		unmapped		unmapped		2025-11-25
x H2O	CHEBI:87020	CHEBI	vanadyl sulfate hydrate	chebi_search	ols4_search	2025-11-25
X10 Jamarin S (see below)		unmapped		unmapped		2025-11-25
Xylan	CHEBI:37166	CHEBI	xylan	chebi_exact	chebi_nodes.tsv	2025-11-25
Xylan (oat spelt)	CHEBI:37166	CHEBI	xylan	chebi_normalized	chebi_nodes.tsv	2025-11-25
Xylose	CHEBI:18222	CHEBI	xylose	chebi_exact	chebi_nodes.tsv	2025-11-25
Yeast	CHEBI:75772	CHEBI	Saccharomyces cerevisiae metabolite	chebi_search	ols4_search	2025-11-25
Yeast autolysate		unmapped		unmapped		2025-11-25
Yeast cell paste (see below)		unmapped		unmapped		2025-11-25
Yeast extract	CHEBI:231891	CHEBI	xuezhikang	chebi_search	ols4_search	2025-11-25
yeast extract (0.01 %, w/v)		unmapped		unmapped		2025-11-25
Yeast extract (Bacto)		unmapped		unmapped		2025-11-25
Yeast extract (BD 212750)		unmapped		unmapped		2025-11-25
Yeast extract (BD Bacto)		unmapped		unmapped		2025-11-25
Yeast extract (BD Chemicals)		unmapped		unmapped		2025-11-25
Yeast extract (BD Difco)		unmapped		unmapped		2025-11-25
Yeast extract (BD)		unmapped		unmapped		2025-11-25
Yeast extract (BD-BBL)		unmapped		unmapped		2025-11-25
Yeast extract (BD-Difco)		unmapped		unmapped		2025-11-25
Yeast extract (BD212750)		unmapped		unmapped		2025-11-25
Yeast extract (Difco 0127)		unmapped		unmapped		2025-11-25
Yeast extract (DIFCO)		unmapped		unmapped		2025-11-25
Yeast extract (Difco, Bacto)		unmapped		unmapped		2025-11-25
Yeast extract (Fisher BioReagents BP1422)		unmapped		unmapped		2025-11-25
Yeast extract (Fisher BP1422-500)		unmapped		unmapped		2025-11-25
Yeast extract (Fisher)		unmapped		unmapped		2025-11-25
Yeast extract (Oxoid L21) *		unmapped		unmapped		2025-11-25
Yeast extract (Oxoid LP0021) **		unmapped		unmapped		2025-11-25
Yeast extract (Oxoid LP0021, BD 212750)		unmapped		unmapped		2025-11-25
Yeast Extract (Oxoid)		unmapped		unmapped		2025-11-25
Yeast extract Oxoid		unmapped		unmapped		2025-11-25
Yeast extract solution (20%, autoclaved)		unmapped		unmapped		2025-11-25
Yeast Extract To Sludge From An Anaerobic Digester		unmapped		unmapped		2025-11-25
yeast extract was left out and DNA was added instead. Since most mycoplasmas use either		unmapped		unmapped		2025-11-25
Yeast extract, dehydrated		unmapped		unmapped		2025-11-25
Yeast extract-malt extract agar (ISP-2) (see Medium No.43)		unmapped		unmapped		2025-11-25
Yeast extrakt		unmapped		unmapped		2025-11-25
Yeast Nitrogen Base		unmapped		unmapped		2025-11-25
Yeast nitrogen base (BD-Difco)		unmapped		unmapped		2025-11-25
Yeastolate (20%, autoclaved)		unmapped		unmapped		2025-11-25
Yeastolate (BD; 2%, autoclaved)		unmapped		unmapped		2025-11-25
Yeast extract	CHEBI:231891	CHEBI	xuezhikang	chebi_search	ols4_search	2025-11-25
YEL (Yeast Extract ­ Liver Digest Medium)		unmapped		unmapped		2025-11-25
YM broth (BD-Difco)		unmapped		unmapped		2025-11-25
Zeikus trace element solution (see Medium No.684)		unmapped		unmapped		2025-11-25
Zeikus trace elements solution (see below)		unmapped		unmapped		2025-11-25
Zinc Sulfate	CHEBI:32312	CHEBI	zinc sulfate heptahydrate	chebi_exact	chebi_nodes.tsv	2025-11-25
ZM/10 (Zobell Marine Agar 10)		unmapped		unmapped		2025-11-25
Zn2SO4·7H2O		unmapped		unmapped		2025-11-25
ZnCl 2		unmapped		unmapped		2025-11-25
ZnCl2	CHEBI:49976	CHEBI	zinc dichloride	chebi_exact	chebi_nodes.tsv	2025-11-25
ZnSO4	CHEBI:35176	CHEBI	zinc sulfate	chebi_exact	chebi_nodes.tsv	2025-11-25
ZnSO4 (0.1% w/v)	CHEBI:132762	CHEBI	zinc sulfate hexahydrate	chebi_normalized	chebi_nodes.tsv	2025-11-25
ZnSO4 x 6 H2O	CHEBI:132762	CHEBI	zinc sulfate hexahydrate	chebi_normalized	chebi_nodes.tsv	2025-11-25
ZnSO4 x 7 H2O	CHEBI:132762	CHEBI	zinc sulfate hexahydrate	chebi_normalized	chebi_nodes.tsv	2025-11-25
ZnSO4 x 7H2O	CHEBI:132762	CHEBI	zinc sulfate hexahydrate	chebi_normalized	chebi_nodes.tsv	2025-11-25
ZnSO4*7 H2O		unmapped		unmapped		2025-11-25
ZnSO4*7H2O	CHEBI:32312	CHEBI	zinc sulfate heptahydrate	chebi_search	ols4_search	2025-11-25
ZnSO4-7H2O		unmapped		unmapped		2025-11-25
ZnSO4.7H2O	CHEBI:32312	CHEBI	zinc sulfate heptahydrate	chebi_exact	chebi_nodes.tsv	2025-11-25
ZnSO4·7H2O	CHEBI:132762	CHEBI	zinc sulfate hexahydrate	chebi_normalized	chebi_nodes.tsv	2025-11-25
ZnSO4·7H2O (0.6 g/L in 0.01 N H2SO4)	CHEBI:132762	CHEBI	zinc sulfate hexahydrate	chebi_normalized	chebi_nodes.tsv	2025-11-25
α-D-Glucose	CHEBI:61991	CHEBI	maltotriose trisaccharide	chebi_search	ols4_search	2025-11-25
α-Lipoic acid		unmapped		unmapped		2025-11-25
α-Methylbutyric acid	CHEBI:50868	CHEBI	penicillamine	chebi_search	ols4_search	2025-11-25
β-NAD	CHEBI:88138	CHEBI	2-hydro-beta-NAD(2-)	chebi_search	ols4_search	2025-11-25
